player,target,round_table,Season,second_turn,target_gender,target_ethnicity,voter_gender,voter_ethnicity,Round
2_Harry Clark,2_Zack Davies,1,all,,male,white,male,white,1
2_Mollie Pearce,2_Sonja Clarke,1,all,,female,white,female,white,1
2_Jaz Singh,2_Sonja Clarke,1,all,,female,white,male,person_of_color,1
2_Andrew Jenkins,2_Sonja Clarke,1,all,,female,white,male,white,1
2_Evie Morrison,2_Sonja Clarke,1,all,,female,white,female,white,1
2_Jasmine Boatswain,2_Sonja Clarke,1,all,,female,white,female,person_of_color,1
2_Zack Davies,2_Sonja Clarke,1,all,,female,white,male,white,1
2_Ross Carson,2_Sonja Clarke,1,all,,female,white,male,white,1
2_Charlotte Chilton,2_Sonja Clarke,1,all,,female,white,female,white,1
2_Charlie Bees,2_Sonja Clarke,1,all,,female,white,female,white,1
2_Paul Gorton,2_Sonja Clarke,1,all,,female,white,male,white,1
2_Miles Asteri,2_Sonja Clarke,1,all,,female,white,male,person_of_color,1
2_Diane Carson,2_Anthony Mathurin,1,all,,male,person_of_color,female,white,1
2_Anthony Mathurin,2_Diane Carson,1,all,,female,white,male,person_of_color,1
2_Tracey Griffin,2_Anthony Mathurin,1,all,,male,person_of_color,female,white,1
2_Jonny Holloway,2_Sonja Clarke,1,all,,female,white,male,white,1
2_Meg Corrick,2_Diane Carson,1,all,,female,white,female,white,1
2_Ash Bibi,2_Sonja Clarke,1,all,,female,white,female,person_of_color,1
2_Brian Davidson,2_Sonja Clarke,1,all,,female,white,male,white,1
2_Kyra Johnson,2_Sonja Clarke,1,all,,female,white,female,person_of_color,1
2_Sonja Clarke,2_Ross Carson,1,all,,male,white,female,white,1
C1_Alan Carr,C1_Niko Omilana,1,all,,male,person_of_color,male,white,1
C1_David Olusoga,C1_Niko Omilana,1,all,,male,person_of_color,male,person_of_color,1
C1_Nick Mohammed,C1_Niko Omilana,1,all,,male,person_of_color,male,person_of_color,1
C1_Joe Marler,C1_Niko Omilana,1,all,,male,person_of_color,male,white,1
C1_Cat Burns,C1_Kate Garraway,1,all,,female,white,female,person_of_color,1
C1_Kate Garraway,C1_Tameka Empson,1,all,,female,person_of_color,female,white,1
C1_Celia Imrie,C1_Charlotte Church,1,all,,female,white,female,white,1
C1_Jonathan Ross,C1_Niko Omilana,1,all,,male,person_of_color,male,white,1
C1_Lucy Beaumont,C1_Niko Omilana,1,all,,male,person_of_color,female,white,1
C1_Stephen Fry,C1_Niko Omilana,1,all,,male,person_of_color,male,white,1
C1_Joe Wilkinson,C1_Tom Daley,1,all,,male,white,male,white,1
C1_Mark Bonnar,C1_Tameka Empson,1,all,,female,person_of_color,male,white,1
C1_Charlotte Church,C1_Niko Omilana,1,all,,male,person_of_color,female,white,1
C1_Clare Balding,C1_Niko Omilana,1,all,,male,person_of_color,female,white,1
C1_Ruth Codd,C1_Kate Garraway,1,all,,female,white,female,white,1
C1_Tameka Empson,C1_Kate Garraway,1,all,,female,white,female,person_of_color,1
C1_Tom Daley,C1_Niko Omilana,1,all,,male,person_of_color,male,white,1
C1_Niko Omilana,C1_Tom Daley,1,all,,male,white,male,person_of_color,1
4_Rachel Duffy,4_Ross Garshong,1,all,,male,person_of_color,female,white,1
4_Stephen Libby,4_Judy Wilson,1,all,,female,person_of_color,male,white,1
4_Jack Butler,4_Judy Wilson,1,all,,female,person_of_color,male,white,1
4_Faraaz Noor,4_Judy Wilson,1,all,,female,person_of_color,male,person_of_color,1
4_Jade Scott,4_Judy Wilson,1,all,,female,person_of_color,female,person_of_color,1
4_James Baker,4_Judy Wilson,1,all,,female,person_of_color,male,white,1
4_Roxy Wilson,4_James Baker,1,all,,male,white,female,person_of_color,1
4_Matthew Hyndman,4_Judy Wilson,1,all,,female,person_of_color,male,white,1
4_Ellie Buckley,4_Judy Wilson,1,all,,female,person_of_color,female,white,1
4_Jessie Stride,4_Judy Wilson,1,all,,female,person_of_color,female,white,1
4_Sam Little,4_Judy Wilson,1,all,,female,person_of_color,male,white,1
4_Adam Waughman,4_Judy Wilson,1,all,,female,person_of_color,male,white,1
4_Harriet Tyce,4_Judy Wilson,1,all,,female,person_of_color,female,white,1
4_Fiona Hughes,4_Judy Wilson,1,all,,female,person_of_color,female,white,1
4_Reece Ward,4_Adam Waughman,1,all,,male,white,male,white,1
4_Amanda Collier,4_Jade Scott,1,all,,female,person_of_color,female,white,1
"4_Marzook ""Maz"" Bana",4_Judy Wilson,1,all,,female,person_of_color,male,person_of_color,1
4_Ross Garshong,4_Judy Wilson,1,all,,female,person_of_color,male,person_of_color,1
4_Hugo Lodge,4_Judy Wilson,1,all,,female,person_of_color,male,white,1
4_Ben,4_Judy Wilson,1,all,,female,person_of_color,male,white,1
4_Judy Wilson,4_Sam Little,1,all,,male,white,female,person_of_color,1
3_Jake Brown,3_Linda Rands,1,all,,female,white,male,white,1
3_Leanne Quigley,3_Charlotte Berman,1,all,,female,person_of_color,female,white,1
3_Francesca Rowan-Plowden,3_Nathan Khider,1,all,,male,white,female,white,1
3_Charlotte Berman,3_Keith Stewart,1,all,,male,person_of_color,female,person_of_color,1
3_Freddie Fraser,3_Elen Wyn,1,all,,female,white,male,white,1
3_Minah Shannon,"3_Olivia ""Livi"" Deane",1,all,,female,white,female,person_of_color,1
3_Joe Scott,3_Nathan Khider,1,all,,male,white,male,white,1
3_Leon Jackman,3_Francesca Rowan-Plowden,1,all,,female,white,male,person_of_color,1
3_Lisa Coupland,3_Charlotte Berman,1,all,,female,person_of_color,female,white,1
3_Alex Oleksy,3_Nathan Khider,1,all,,male,white,male,white,1
3_Anna Duke,3_Nathan Khider,1,all,,male,white,female,white,1
3_Linda Rands,3_Jake Brown,1,all,,male,white,female,white,1
3_Dan Bird,3_Nathan Khider,1,all,,male,white,male,white,1
"3_Olivia ""Livi"" Deane",3_Elen Wyn,1,all,,female,white,female,white,1
3_Tyler Smith,3_Linda Rands,1,all,,female,white,male,white,1
3_Kasim Ahmed,3_Nathan Khider,1,all,,male,white,male,person_of_color,1
3_Maia Gouveia,3_Anna Duke,1,all,,female,white,female,person_of_color,1
3_Armani Gouveia,3_Nathan Khider,1,all,,male,white,female,person_of_color,1
3_Elen Wyn,3_Linda Rands,1,all,,female,white,female,white,1
3_Keith Stewart,3_Nathan Khider,1,all,,male,white,male,person_of_color,1
3_Nathan Khider,3_Linda Rands,1,all,,female,white,male,white,1
1_Aaron Evans,1_Imran Nasim,1,all,,male,person_of_color,male,white,1
1_Hannah Byczkowski,1_Nicky Wilding,1,all,,female,white,female,white,1
1_Meryl Williams,1_Nicky Wilding,1,all,,female,white,female,white,1
"1_Wilfred ""Wilf"" Webster",1_Nicky Wilding,1,all,,female,white,male,white,1
"1_Madelyn ""Maddy"" Smedley",1_Nicky Wilding,1,all,,female,white,female,white,1
1_Andrea Addison,1_Nicky Wilding,1,all,,female,white,female,white,1
1_Amanda Lovett,1_Nicky Wilding,1,all,,female,white,female,white,1
1_Fay Greaves,1_Nicky Wilding,1,all,,female,white,female,person_of_color,1
1_Theo Mayne,1_Nicky Wilding,1,all,,female,white,male,white,1
1_Alex Gray,1_Nicky Wilding,1,all,,female,white,female,white,1
1_Rayan Rachedi,1_Nicky Wilding,1,all,,female,white,male,white,1
1_Alyssa Chan,1_Nicky Wilding,1,all,,female,white,female,person_of_color,1
1_Matt Harris,1_Nicky Wilding,1,all,,female,white,male,white,1
1_Tom Elderfield,1_Nicky Wilding,1,all,,female,white,male,white,1
1_John McManus,1_Nicky Wilding,1,all,,female,white,male,white,1
1_Ivan Brett,1_Nicky Wilding,1,all,,female,white,male,white,1
1_Imran Nasim,1_Nicky Wilding,1,all,,female,white,male,person_of_color,1
1_Claire Barratt,1_Nicky Wilding,1,all,,female,white,female,white,1
1_Nicky Wilding,1_Fay Greaves,1,all,,female,person_of_color,female,white,1
1_Aaron Evans,1_Imran Nasim,1,1,,male,person_of_color,male,white,1
1_Hannah Byczkowski,1_Nicky Wilding,1,1,,female,white,female,white,1
1_Meryl Williams,1_Nicky Wilding,1,1,,female,white,female,white,1
"1_Wilfred ""Wilf"" Webster",1_Nicky Wilding,1,1,,female,white,male,white,1
"1_Madelyn ""Maddy"" Smedley",1_Nicky Wilding,1,1,,female,white,female,white,1
1_Andrea Addison,1_Nicky Wilding,1,1,,female,white,female,white,1
1_Amanda Lovett,1_Nicky Wilding,1,1,,female,white,female,white,1
1_Fay Greaves,1_Nicky Wilding,1,1,,female,white,female,person_of_color,1
1_Theo Mayne,1_Nicky Wilding,1,1,,female,white,male,white,1
1_Alex Gray,1_Nicky Wilding,1,1,,female,white,female,white,1
1_Rayan Rachedi,1_Nicky Wilding,1,1,,female,white,male,white,1
1_Alyssa Chan,1_Nicky Wilding,1,1,,female,white,female,person_of_color,1
1_Matt Harris,1_Nicky Wilding,1,1,,female,white,male,white,1
1_Tom Elderfield,1_Nicky Wilding,1,1,,female,white,male,white,1
1_John McManus,1_Nicky Wilding,1,1,,female,white,male,white,1
1_Ivan Brett,1_Nicky Wilding,1,1,,female,white,male,white,1
1_Imran Nasim,1_Nicky Wilding,1,1,,female,white,male,person_of_color,1
1_Claire Barratt,1_Nicky Wilding,1,1,,female,white,female,white,1
1_Nicky Wilding,1_Fay Greaves,1,1,,female,person_of_color,female,white,1
2_Harry Clark,2_Zack Davies,1,2,,male,white,male,white,1
2_Mollie Pearce,2_Sonja Clarke,1,2,,female,white,female,white,1
2_Jaz Singh,2_Sonja Clarke,1,2,,female,white,male,person_of_color,1
2_Andrew Jenkins,2_Sonja Clarke,1,2,,female,white,male,white,1
2_Evie Morrison,2_Sonja Clarke,1,2,,female,white,female,white,1
2_Jasmine Boatswain,2_Sonja Clarke,1,2,,female,white,female,person_of_color,1
2_Zack Davies,2_Sonja Clarke,1,2,,female,white,male,white,1
2_Ross Carson,2_Sonja Clarke,1,2,,female,white,male,white,1
2_Charlotte Chilton,2_Sonja Clarke,1,2,,female,white,female,white,1
2_Charlie Bees,2_Sonja Clarke,1,2,,female,white,female,white,1
2_Paul Gorton,2_Sonja Clarke,1,2,,female,white,male,white,1
2_Miles Asteri,2_Sonja Clarke,1,2,,female,white,male,person_of_color,1
2_Diane Carson,2_Anthony Mathurin,1,2,,male,person_of_color,female,white,1
2_Anthony Mathurin,2_Diane Carson,1,2,,female,white,male,person_of_color,1
2_Tracey Griffin,2_Anthony Mathurin,1,2,,male,person_of_color,female,white,1
2_Jonny Holloway,2_Sonja Clarke,1,2,,female,white,male,white,1
2_Meg Corrick,2_Diane Carson,1,2,,female,white,female,white,1
2_Ash Bibi,2_Sonja Clarke,1,2,,female,white,female,person_of_color,1
2_Brian Davidson,2_Sonja Clarke,1,2,,female,white,male,white,1
2_Kyra Johnson,2_Sonja Clarke,1,2,,female,white,female,person_of_color,1
2_Sonja Clarke,2_Ross Carson,1,2,,male,white,female,white,1
3_Jake Brown,3_Linda Rands,1,3,,female,white,male,white,1
3_Leanne Quigley,3_Charlotte Berman,1,3,,female,person_of_color,female,white,1
3_Francesca Rowan-Plowden,3_Nathan Khider,1,3,,male,white,female,white,1
3_Charlotte Berman,3_Keith Stewart,1,3,,male,person_of_color,female,person_of_color,1
3_Freddie Fraser,3_Elen Wyn,1,3,,female,white,male,white,1
3_Minah Shannon,"3_Olivia ""Livi"" Deane",1,3,,female,white,female,person_of_color,1
3_Joe Scott,3_Nathan Khider,1,3,,male,white,male,white,1
3_Leon Jackman,3_Francesca Rowan-Plowden,1,3,,female,white,male,person_of_color,1
3_Lisa Coupland,3_Charlotte Berman,1,3,,female,person_of_color,female,white,1
3_Alex Oleksy,3_Nathan Khider,1,3,,male,white,male,white,1
3_Anna Duke,3_Nathan Khider,1,3,,male,white,female,white,1
3_Linda Rands,3_Jake Brown,1,3,,male,white,female,white,1
3_Dan Bird,3_Nathan Khider,1,3,,male,white,male,white,1
"3_Olivia ""Livi"" Deane",3_Elen Wyn,1,3,,female,white,female,white,1
3_Tyler Smith,3_Linda Rands,1,3,,female,white,male,white,1
3_Kasim Ahmed,3_Nathan Khider,1,3,,male,white,male,person_of_color,1
3_Maia Gouveia,3_Anna Duke,1,3,,female,white,female,person_of_color,1
3_Armani Gouveia,3_Nathan Khider,1,3,,male,white,female,person_of_color,1
3_Elen Wyn,3_Linda Rands,1,3,,female,white,female,white,1
3_Keith Stewart,3_Nathan Khider,1,3,,male,white,male,person_of_color,1
3_Nathan Khider,3_Linda Rands,1,3,,female,white,male,white,1
4_Rachel Duffy,4_Ross Garshong,1,4,,male,person_of_color,female,white,1
4_Stephen Libby,4_Judy Wilson,1,4,,female,person_of_color,male,white,1
4_Jack Butler,4_Judy Wilson,1,4,,female,person_of_color,male,white,1
4_Faraaz Noor,4_Judy Wilson,1,4,,female,person_of_color,male,person_of_color,1
4_Jade Scott,4_Judy Wilson,1,4,,female,person_of_color,female,person_of_color,1
4_James Baker,4_Judy Wilson,1,4,,female,person_of_color,male,white,1
4_Roxy Wilson,4_James Baker,1,4,,male,white,female,person_of_color,1
4_Matthew Hyndman,4_Judy Wilson,1,4,,female,person_of_color,male,white,1
4_Ellie Buckley,4_Judy Wilson,1,4,,female,person_of_color,female,white,1
4_Jessie Stride,4_Judy Wilson,1,4,,female,person_of_color,female,white,1
4_Sam Little,4_Judy Wilson,1,4,,female,person_of_color,male,white,1
4_Adam Waughman,4_Judy Wilson,1,4,,female,person_of_color,male,white,1
4_Harriet Tyce,4_Judy Wilson,1,4,,female,person_of_color,female,white,1
4_Fiona Hughes,4_Judy Wilson,1,4,,female,person_of_color,female,white,1
4_Reece Ward,4_Adam Waughman,1,4,,male,white,male,white,1
4_Amanda Collier,4_Jade Scott,1,4,,female,person_of_color,female,white,1
"4_Marzook ""Maz"" Bana",4_Judy Wilson,1,4,,female,person_of_color,male,person_of_color,1
4_Ross Garshong,4_Judy Wilson,1,4,,female,person_of_color,male,person_of_color,1
4_Hugo Lodge,4_Judy Wilson,1,4,,female,person_of_color,male,white,1
4_Ben,4_Judy Wilson,1,4,,female,person_of_color,male,white,1
4_Judy Wilson,4_Sam Little,1,4,,male,white,female,person_of_color,1
C1_Alan Carr,C1_Niko Omilana,1,C1,,male,person_of_color,male,white,1
C1_David Olusoga,C1_Niko Omilana,1,C1,,male,person_of_color,male,person_of_color,1
C1_Nick Mohammed,C1_Niko Omilana,1,C1,,male,person_of_color,male,person_of_color,1
C1_Joe Marler,C1_Niko Omilana,1,C1,,male,person_of_color,male,white,1
C1_Cat Burns,C1_Kate Garraway,1,C1,,female,white,female,person_of_color,1
C1_Kate Garraway,C1_Tameka Empson,1,C1,,female,person_of_color,female,white,1
C1_Celia Imrie,C1_Charlotte Church,1,C1,,female,white,female,white,1
C1_Jonathan Ross,C1_Niko Omilana,1,C1,,male,person_of_color,male,white,1
C1_Lucy Beaumont,C1_Niko Omilana,1,C1,,male,person_of_color,female,white,1
C1_Stephen Fry,C1_Niko Omilana,1,C1,,male,person_of_color,male,white,1
C1_Joe Wilkinson,C1_Tom Daley,1,C1,,male,white,male,white,1
C1_Mark Bonnar,C1_Tameka Empson,1,C1,,female,person_of_color,male,white,1
C1_Charlotte Church,C1_Niko Omilana,1,C1,,male,person_of_color,female,white,1
C1_Clare Balding,C1_Niko Omilana,1,C1,,male,person_of_color,female,white,1
C1_Ruth Codd,C1_Kate Garraway,1,C1,,female,white,female,white,1
C1_Tameka Empson,C1_Kate Garraway,1,C1,,female,white,female,person_of_color,1
C1_Tom Daley,C1_Niko Omilana,1,C1,,male,person_of_color,male,white,1
C1_Niko Omilana,C1_Tom Daley,1,C1,,male,white,male,person_of_color,1
2_Harry Clark,2_Zack Davies,2,all,,male,white,male,white,2
2_Mollie Pearce,2_Anthony Mathurin,2,all,,male,person_of_color,female,white,2
2_Jaz Singh,2_Brian Davidson,2,all,,male,white,male,person_of_color,2
2_Andrew Jenkins,2_Ash Bibi,2,all,,female,person_of_color,male,white,2
2_Evie Morrison,2_Ash Bibi,2,all,,female,person_of_color,female,white,2
2_Jasmine Boatswain,2_Brian Davidson,2,all,,male,white,female,person_of_color,2
2_Zack Davies,2_Diane Carson,2,all,,female,white,male,white,2
2_Ross Carson,2_Meg Corrick,2,all,,female,white,male,white,2
2_Charlotte Chilton,2_Brian Davidson,2,all,,male,white,female,white,2
2_Charlie Bees,2_Diane Carson,2,all,,female,white,female,white,2
2_Paul Gorton,2_Jaz Singh,2,all,,male,person_of_color,male,white,2
2_Miles Asteri,2_Zack Davies,2,all,,male,white,male,person_of_color,2
2_Diane Carson,2_Ash Bibi,2,all,,female,person_of_color,female,white,2
2_Anthony Mathurin,2_Zack Davies,2,all,,male,white,male,person_of_color,2
2_Tracey Griffin,2_Ash Bibi,2,all,,female,person_of_color,female,white,2
2_Jonny Holloway,2_Brian Davidson,2,all,,male,white,male,white,2
2_Meg Corrick,2_Diane Carson,2,all,,female,white,female,white,2
2_Ash Bibi,2_Diane Carson,2,all,,female,white,female,person_of_color,2
2_Brian Davidson,2_Paul Gorton,2,all,,male,white,male,white,2
C1_Alan Carr,C1_Celia Imrie,2,all,,female,white,male,white,2
C1_David Olusoga,C1_Stephen Fry,2,all,,male,white,male,person_of_color,2
C1_Nick Mohammed,C1_Tameka Empson,2,all,,female,person_of_color,male,person_of_color,2
C1_Joe Marler,C1_Kate Garraway,2,all,,female,white,male,white,2
C1_Cat Burns,C1_Stephen Fry,2,all,,male,white,female,person_of_color,2
C1_Kate Garraway,C1_Tameka Empson,2,all,,female,person_of_color,female,white,2
C1_Celia Imrie,C1_Cat Burns,2,all,,female,person_of_color,female,white,2
C1_Jonathan Ross,C1_Ruth Codd,2,all,,female,white,male,white,2
C1_Lucy Beaumont,C1_David Olusoga,2,all,,male,person_of_color,female,white,2
C1_Stephen Fry,C1_Charlotte Church,2,all,,female,white,male,white,2
C1_Joe Wilkinson,C1_Jonathan Ross,2,all,,male,white,male,white,2
C1_Mark Bonnar,C1_Tameka Empson,2,all,,female,person_of_color,male,white,2
C1_Charlotte Church,C1_Tameka Empson,2,all,,female,person_of_color,female,white,2
C1_Clare Balding,C1_Alan Carr,2,all,,male,white,female,white,2
C1_Ruth Codd,C1_Jonathan Ross,2,all,,male,white,female,white,2
C1_Tameka Empson,C1_Celia Imrie,2,all,,female,white,female,person_of_color,2
4_Rachel Duffy,4_Ross Garshong,2,all,,male,person_of_color,female,white,2
4_Stephen Libby,4_Hugo Lodge,2,all,,male,white,male,white,2
4_Jack Butler,4_Reece Ward,2,all,,male,white,male,white,2
4_Faraaz Noor,4_Sam Little,2,all,,male,white,male,person_of_color,2
4_Jade Scott,4_Amanda Collier,2,all,,female,white,female,person_of_color,2
4_James Baker,4_Reece Ward,2,all,,male,white,male,white,2
4_Roxy Wilson,4_James Baker,2,all,,male,white,female,person_of_color,2
4_Matthew Hyndman,4_Hugo Lodge,2,all,,male,white,male,white,2
4_Ellie Buckley,4_Hugo Lodge,2,all,,male,white,female,white,2
4_Jessie Stride,4_Amanda Collier,2,all,,female,white,female,white,2
4_Sam Little,4_Hugo Lodge,2,all,,male,white,male,white,2
4_Adam Waughman,4_Hugo Lodge,2,all,,male,white,male,white,2
4_Harriet Tyce,4_Hugo Lodge,2,all,,male,white,female,white,2
4_Fiona Hughes,4_Hugo Lodge,2,all,,male,white,female,white,2
4_Reece Ward,4_Hugo Lodge,2,all,,male,white,male,white,2
4_Amanda Collier,4_Jade Scott,2,all,,female,person_of_color,female,white,2
"4_Marzook ""Maz"" Bana",4_Hugo Lodge,2,all,,male,white,male,person_of_color,2
4_Ross Garshong,4_Hugo Lodge,2,all,,male,white,male,person_of_color,2
4_Hugo Lodge,4_Amanda Collier,2,all,,female,white,male,white,2
3_Jake Brown,3_Elen Wyn,2,all,,female,white,male,white,2
3_Leanne Quigley,3_Charlotte Berman,2,all,,female,person_of_color,female,white,2
3_Francesca Rowan-Plowden,3_Kasim Ahmed,2,all,,male,person_of_color,female,white,2
3_Charlotte Berman,3_Kasim Ahmed,2,all,,male,person_of_color,female,person_of_color,2
3_Freddie Fraser,3_Elen Wyn,2,all,,female,white,male,white,2
3_Minah Shannon,3_Charlotte Berman,2,all,,female,person_of_color,female,person_of_color,2
3_Joe Scott,3_Kasim Ahmed,2,all,,male,person_of_color,male,white,2
3_Leon Jackman,3_Elen Wyn,2,all,,female,white,male,person_of_color,2
3_Lisa Coupland,3_Francesca Rowan-Plowden,2,all,,female,white,female,white,2
3_Alex Oleksy,3_Elen Wyn,2,all,,female,white,male,white,2
3_Anna Duke,3_Elen Wyn,2,all,,female,white,female,white,2
3_Linda Rands,3_Elen Wyn,2,all,,female,white,female,white,2
3_Dan Bird,3_Freddie Fraser,2,all,,male,white,male,white,2
"3_Olivia ""Livi"" Deane",3_Elen Wyn,2,all,,female,white,female,white,2
3_Tyler Smith,3_Elen Wyn,2,all,,female,white,male,white,2
3_Kasim Ahmed,3_Charlotte Berman,2,all,,female,person_of_color,male,person_of_color,2
3_Maia Gouveia,3_Elen Wyn,2,all,,female,white,female,person_of_color,2
3_Armani Gouveia,3_Charlotte Berman,2,all,,female,person_of_color,female,person_of_color,2
3_Elen Wyn,3_Linda Rands,2,all,,female,white,female,white,2
1_Aaron Evans,1_Imran Nasim,2,all,,male,person_of_color,male,white,2
1_Hannah Byczkowski,1_Imran Nasim,2,all,,male,person_of_color,female,white,2
1_Meryl Williams,1_Imran Nasim,2,all,,male,person_of_color,female,white,2
"1_Wilfred ""Wilf"" Webster",1_Aaron Evans,2,all,,male,white,male,white,2
"1_Madelyn ""Maddy"" Smedley",1_Aaron Evans,2,all,,male,white,female,white,2
1_Andrea Addison,1_Aaron Evans,2,all,,male,white,female,white,2
1_Amanda Lovett,1_Imran Nasim,2,all,,male,person_of_color,female,white,2
1_Fay Greaves,1_Imran Nasim,2,all,,male,person_of_color,female,person_of_color,2
1_Theo Mayne,1_Imran Nasim,2,all,,male,person_of_color,male,white,2
1_Alex Gray,1_Imran Nasim,2,all,,male,person_of_color,female,white,2
1_Rayan Rachedi,1_Aaron Evans,2,all,,male,white,male,white,2
1_Alyssa Chan,1_Aaron Evans,2,all,,male,white,female,person_of_color,2
1_Matt Harris,1_Imran Nasim,2,all,,male,person_of_color,male,white,2
1_Tom Elderfield,1_Imran Nasim,2,all,,male,person_of_color,male,white,2
1_John McManus,1_Aaron Evans,2,all,,male,white,male,white,2
1_Ivan Brett,1_Imran Nasim,2,all,,male,person_of_color,male,white,2
1_Imran Nasim,1_Theo Mayne,2,all,,male,white,male,person_of_color,2
1_Aaron Evans,1_Imran Nasim,2,1,,male,person_of_color,male,white,2
1_Hannah Byczkowski,1_Imran Nasim,2,1,,male,person_of_color,female,white,2
1_Meryl Williams,1_Imran Nasim,2,1,,male,person_of_color,female,white,2
"1_Wilfred ""Wilf"" Webster",1_Aaron Evans,2,1,,male,white,male,white,2
"1_Madelyn ""Maddy"" Smedley",1_Aaron Evans,2,1,,male,white,female,white,2
1_Andrea Addison,1_Aaron Evans,2,1,,male,white,female,white,2
1_Amanda Lovett,1_Imran Nasim,2,1,,male,person_of_color,female,white,2
1_Fay Greaves,1_Imran Nasim,2,1,,male,person_of_color,female,person_of_color,2
1_Theo Mayne,1_Imran Nasim,2,1,,male,person_of_color,male,white,2
1_Alex Gray,1_Imran Nasim,2,1,,male,person_of_color,female,white,2
1_Rayan Rachedi,1_Aaron Evans,2,1,,male,white,male,white,2
1_Alyssa Chan,1_Aaron Evans,2,1,,male,white,female,person_of_color,2
1_Matt Harris,1_Imran Nasim,2,1,,male,person_of_color,male,white,2
1_Tom Elderfield,1_Imran Nasim,2,1,,male,person_of_color,male,white,2
1_John McManus,1_Aaron Evans,2,1,,male,white,male,white,2
1_Ivan Brett,1_Imran Nasim,2,1,,male,person_of_color,male,white,2
1_Imran Nasim,1_Theo Mayne,2,1,,male,white,male,person_of_color,2
2_Harry Clark,2_Zack Davies,2,2,,male,white,male,white,2
2_Mollie Pearce,2_Anthony Mathurin,2,2,,male,person_of_color,female,white,2
2_Jaz Singh,2_Brian Davidson,2,2,,male,white,male,person_of_color,2
2_Andrew Jenkins,2_Ash Bibi,2,2,,female,person_of_color,male,white,2
2_Evie Morrison,2_Ash Bibi,2,2,,female,person_of_color,female,white,2
2_Jasmine Boatswain,2_Brian Davidson,2,2,,male,white,female,person_of_color,2
2_Zack Davies,2_Diane Carson,2,2,,female,white,male,white,2
2_Ross Carson,2_Meg Corrick,2,2,,female,white,male,white,2
2_Charlotte Chilton,2_Brian Davidson,2,2,,male,white,female,white,2
2_Charlie Bees,2_Diane Carson,2,2,,female,white,female,white,2
2_Paul Gorton,2_Jaz Singh,2,2,,male,person_of_color,male,white,2
2_Miles Asteri,2_Zack Davies,2,2,,male,white,male,person_of_color,2
2_Diane Carson,2_Ash Bibi,2,2,,female,person_of_color,female,white,2
2_Anthony Mathurin,2_Zack Davies,2,2,,male,white,male,person_of_color,2
2_Tracey Griffin,2_Ash Bibi,2,2,,female,person_of_color,female,white,2
2_Jonny Holloway,2_Brian Davidson,2,2,,male,white,male,white,2
2_Meg Corrick,2_Diane Carson,2,2,,female,white,female,white,2
2_Ash Bibi,2_Diane Carson,2,2,,female,white,female,person_of_color,2
2_Brian Davidson,2_Paul Gorton,2,2,,male,white,male,white,2
3_Jake Brown,3_Elen Wyn,2,3,,female,white,male,white,2
3_Leanne Quigley,3_Charlotte Berman,2,3,,female,person_of_color,female,white,2
3_Francesca Rowan-Plowden,3_Kasim Ahmed,2,3,,male,person_of_color,female,white,2
3_Charlotte Berman,3_Kasim Ahmed,2,3,,male,person_of_color,female,person_of_color,2
3_Freddie Fraser,3_Elen Wyn,2,3,,female,white,male,white,2
3_Minah Shannon,3_Charlotte Berman,2,3,,female,person_of_color,female,person_of_color,2
3_Joe Scott,3_Kasim Ahmed,2,3,,male,person_of_color,male,white,2
3_Leon Jackman,3_Elen Wyn,2,3,,female,white,male,person_of_color,2
3_Lisa Coupland,3_Francesca Rowan-Plowden,2,3,,female,white,female,white,2
3_Alex Oleksy,3_Elen Wyn,2,3,,female,white,male,white,2
3_Anna Duke,3_Elen Wyn,2,3,,female,white,female,white,2
3_Linda Rands,3_Elen Wyn,2,3,,female,white,female,white,2
3_Dan Bird,3_Freddie Fraser,2,3,,male,white,male,white,2
"3_Olivia ""Livi"" Deane",3_Elen Wyn,2,3,,female,white,female,white,2
3_Tyler Smith,3_Elen Wyn,2,3,,female,white,male,white,2
3_Kasim Ahmed,3_Charlotte Berman,2,3,,female,person_of_color,male,person_of_color,2
3_Maia Gouveia,3_Elen Wyn,2,3,,female,white,female,person_of_color,2
3_Armani Gouveia,3_Charlotte Berman,2,3,,female,person_of_color,female,person_of_color,2
3_Elen Wyn,3_Linda Rands,2,3,,female,white,female,white,2
4_Rachel Duffy,4_Ross Garshong,2,4,,male,person_of_color,female,white,2
4_Stephen Libby,4_Hugo Lodge,2,4,,male,white,male,white,2
4_Jack Butler,4_Reece Ward,2,4,,male,white,male,white,2
4_Faraaz Noor,4_Sam Little,2,4,,male,white,male,person_of_color,2
4_Jade Scott,4_Amanda Collier,2,4,,female,white,female,person_of_color,2
4_James Baker,4_Reece Ward,2,4,,male,white,male,white,2
4_Roxy Wilson,4_James Baker,2,4,,male,white,female,person_of_color,2
4_Matthew Hyndman,4_Hugo Lodge,2,4,,male,white,male,white,2
4_Ellie Buckley,4_Hugo Lodge,2,4,,male,white,female,white,2
4_Jessie Stride,4_Amanda Collier,2,4,,female,white,female,white,2
4_Sam Little,4_Hugo Lodge,2,4,,male,white,male,white,2
4_Adam Waughman,4_Hugo Lodge,2,4,,male,white,male,white,2
4_Harriet Tyce,4_Hugo Lodge,2,4,,male,white,female,white,2
4_Fiona Hughes,4_Hugo Lodge,2,4,,male,white,female,white,2
4_Reece Ward,4_Hugo Lodge,2,4,,male,white,male,white,2
4_Amanda Collier,4_Jade Scott,2,4,,female,person_of_color,female,white,2
"4_Marzook ""Maz"" Bana",4_Hugo Lodge,2,4,,male,white,male,person_of_color,2
4_Ross Garshong,4_Hugo Lodge,2,4,,male,white,male,person_of_color,2
4_Hugo Lodge,4_Amanda Collier,2,4,,female,white,male,white,2
C1_Alan Carr,C1_Celia Imrie,2,C1,,female,white,male,white,2
C1_David Olusoga,C1_Stephen Fry,2,C1,,male,white,male,person_of_color,2
C1_Nick Mohammed,C1_Tameka Empson,2,C1,,female,person_of_color,male,person_of_color,2
C1_Joe Marler,C1_Kate Garraway,2,C1,,female,white,male,white,2
C1_Cat Burns,C1_Stephen Fry,2,C1,,male,white,female,person_of_color,2
C1_Kate Garraway,C1_Tameka Empson,2,C1,,female,person_of_color,female,white,2
C1_Celia Imrie,C1_Cat Burns,2,C1,,female,person_of_color,female,white,2
C1_Jonathan Ross,C1_Ruth Codd,2,C1,,female,white,male,white,2
C1_Lucy Beaumont,C1_David Olusoga,2,C1,,male,person_of_color,female,white,2
C1_Stephen Fry,C1_Charlotte Church,2,C1,,female,white,male,white,2
C1_Joe Wilkinson,C1_Jonathan Ross,2,C1,,male,white,male,white,2
C1_Mark Bonnar,C1_Tameka Empson,2,C1,,female,person_of_color,male,white,2
C1_Charlotte Church,C1_Tameka Empson,2,C1,,female,person_of_color,female,white,2
C1_Clare Balding,C1_Alan Carr,2,C1,,male,white,female,white,2
C1_Ruth Codd,C1_Jonathan Ross,2,C1,,male,white,female,white,2
C1_Tameka Empson,C1_Celia Imrie,2,C1,,female,white,female,person_of_color,2
2_Harry Clark,2_Ash Bibi,3,all,,female,person_of_color,male,white,3
2_Mollie Pearce,2_Brian Davidson,3,all,,male,white,female,white,3
2_Jaz Singh,2_Brian Davidson,3,all,,male,white,male,person_of_color,3
2_Andrew Jenkins,2_Ash Bibi,3,all,,female,person_of_color,male,white,3
2_Evie Morrison,2_Ash Bibi,3,all,,female,person_of_color,female,white,3
2_Jasmine Boatswain,2_Brian Davidson,3,all,,male,white,female,person_of_color,3
2_Zack Davies,2_Diane Carson,3,all,,female,white,male,white,3
2_Ross Carson,2_Ash Bibi,3,all,,female,person_of_color,male,white,3
2_Charlotte Chilton,2_Brian Davidson,3,all,,male,white,female,white,3
2_Charlie Bees,2_Diane Carson,3,all,,female,white,female,white,3
2_Paul Gorton,2_Ash Bibi,3,all,,female,person_of_color,male,white,3
2_Miles Asteri,2_Brian Davidson,3,all,,male,white,male,person_of_color,3
2_Anthony Mathurin,2_Brian Davidson,3,all,,male,white,male,person_of_color,3
2_Tracey Griffin,2_Ash Bibi,3,all,,female,person_of_color,female,white,3
2_Jonny Holloway,2_Brian Davidson,3,all,,male,white,male,white,3
2_Meg Corrick,2_Diane Carson,3,all,,female,white,female,white,3
C1_Alan Carr,C1_David Olusoga,3,all,,male,person_of_color,male,white,3
C1_David Olusoga,C1_Clare Balding,3,all,,female,white,male,person_of_color,3
C1_Nick Mohammed,C1_Celia Imrie,3,all,,female,white,male,person_of_color,3
C1_Joe Marler,C1_Jonathan Ross,3,all,,male,white,male,white,3
C1_Cat Burns,C1_Stephen Fry,3,all,,male,white,female,person_of_color,3
C1_Kate Garraway,C1_Clare Balding,3,all,,female,white,female,white,3
C1_Celia Imrie,C1_David Olusoga,3,all,,male,person_of_color,female,white,3
C1_Jonathan Ross,C1_Clare Balding,3,all,,female,white,male,white,3
C1_Lucy Beaumont,C1_Clare Balding,3,all,,female,white,female,white,3
C1_Stephen Fry,C1_Clare Balding,3,all,,female,white,male,white,3
C1_Joe Wilkinson,C1_Clare Balding,3,all,,female,white,male,white,3
C1_Mark Bonnar,C1_Charlotte Church,3,all,,female,white,male,white,3
C1_Charlotte Church,C1_Clare Balding,3,all,,female,white,female,white,3
C1_Clare Balding,C1_Charlotte Church,3,all,,female,white,female,white,3
4_Rachel Duffy,4_Ross Garshong,3,all,,male,person_of_color,female,white,3
4_Stephen Libby,"4_Marzook ""Maz"" Bana",3,all,,male,person_of_color,male,white,3
4_Jack Butler,4_Reece Ward,3,all,,male,white,male,white,3
4_Faraaz Noor,4_Sam Little,3,all,,male,white,male,person_of_color,3
4_Jade Scott,4_Ross Garshong,3,all,,male,person_of_color,female,person_of_color,3
4_James Baker,4_Reece Ward,3,all,,male,white,male,white,3
4_Roxy Wilson,4_Ross Garshong,3,all,,male,person_of_color,female,person_of_color,3
4_Matthew Hyndman,4_Sam Little,3,all,,male,white,male,white,3
4_Ellie Buckley,4_Reece Ward,3,all,,male,white,female,white,3
4_Jessie Stride,4_Reece Ward,3,all,,male,white,female,white,3
4_Sam Little,4_Reece Ward,3,all,,male,white,male,white,3
4_Adam Waughman,4_Jade Scott,3,all,,female,person_of_color,male,white,3
4_Harriet Tyce,4_Ross Garshong,3,all,,male,person_of_color,female,white,3
4_Fiona Hughes,4_Ross Garshong,3,all,,male,person_of_color,female,white,3
4_Reece Ward,4_Ross Garshong,3,all,,male,person_of_color,male,white,3
4_Amanda Collier,4_Jade Scott,3,all,,female,person_of_color,female,white,3
"4_Marzook ""Maz"" Bana",4_Jade Scott,3,all,,female,person_of_color,male,person_of_color,3
4_Ross Garshong,4_Stephen Libby,3,all,,male,white,male,person_of_color,3
3_Jake Brown,3_Armani Gouveia,3,all,,female,person_of_color,male,white,3
3_Leanne Quigley,3_Armani Gouveia,3,all,,female,person_of_color,female,white,3
3_Francesca Rowan-Plowden,3_Maia Gouveia,3,all,,female,person_of_color,female,white,3
3_Charlotte Berman,3_Kasim Ahmed,3,all,,male,person_of_color,female,person_of_color,3
3_Freddie Fraser,3_Armani Gouveia,3,all,,female,person_of_color,male,white,3
3_Minah Shannon,3_Armani Gouveia,3,all,,female,person_of_color,female,person_of_color,3
3_Joe Scott,3_Kasim Ahmed,3,all,,male,person_of_color,male,white,3
3_Leon Jackman,3_Armani Gouveia,3,all,,female,person_of_color,male,person_of_color,3
3_Lisa Coupland,3_Joe Scott,3,all,,male,white,female,white,3
3_Alex Oleksy,3_Armani Gouveia,3,all,,female,person_of_color,male,white,3
3_Anna Duke,3_Kasim Ahmed,3,all,,male,person_of_color,female,white,3
3_Linda Rands,3_Jake Brown,3,all,,male,white,female,white,3
3_Dan Bird,3_Armani Gouveia,3,all,,female,person_of_color,male,white,3
"3_Olivia ""Livi"" Deane",3_Armani Gouveia,3,all,,female,person_of_color,female,white,3
3_Tyler Smith,3_Armani Gouveia,3,all,,female,person_of_color,male,white,3
3_Kasim Ahmed,3_Freddie Fraser,3,all,,male,white,male,person_of_color,3
3_Maia Gouveia,3_Freddie Fraser,3,all,,male,white,female,person_of_color,3
3_Armani Gouveia,3_Charlotte Berman,3,all,,female,person_of_color,female,person_of_color,3
1_Aaron Evans,1_Alex Gray,3,all,,female,white,male,white,3
1_Hannah Byczkowski,1_Alex Gray,3,all,,female,white,female,white,3
1_Meryl Williams,1_Ivan Brett,3,all,,male,white,female,white,3
"1_Wilfred ""Wilf"" Webster",1_Ivan Brett,3,all,,male,white,male,white,3
"1_Madelyn ""Maddy"" Smedley","1_Wilfred ""Wilf"" Webster",3,all,,male,white,female,white,3
1_Andrea Addison,1_Hannah Byczkowski,3,all,,female,white,female,white,3
1_Amanda Lovett,1_Ivan Brett,3,all,,male,white,female,white,3
1_Fay Greaves,1_Alex Gray,3,all,,female,white,female,person_of_color,3
1_Theo Mayne,1_Alex Gray,3,all,,female,white,male,white,3
1_Alex Gray,1_Ivan Brett,3,all,,male,white,female,white,3
1_Rayan Rachedi,1_Alex Gray,3,all,,female,white,male,white,3
1_Alyssa Chan,1_Hannah Byczkowski,3,all,,female,white,female,person_of_color,3
1_Matt Harris,1_Ivan Brett,3,all,,male,white,male,white,3
1_Tom Elderfield,1_Ivan Brett,3,all,,male,white,male,white,3
1_John McManus,1_Ivan Brett,3,all,,male,white,male,white,3
1_Ivan Brett,1_Alex Gray,3,all,,female,white,male,white,3
1_Aaron Evans,1_Alex Gray,3,1,,female,white,male,white,3
1_Hannah Byczkowski,1_Alex Gray,3,1,,female,white,female,white,3
1_Meryl Williams,1_Ivan Brett,3,1,,male,white,female,white,3
"1_Wilfred ""Wilf"" Webster",1_Ivan Brett,3,1,,male,white,male,white,3
"1_Madelyn ""Maddy"" Smedley","1_Wilfred ""Wilf"" Webster",3,1,,male,white,female,white,3
1_Andrea Addison,1_Hannah Byczkowski,3,1,,female,white,female,white,3
1_Amanda Lovett,1_Ivan Brett,3,1,,male,white,female,white,3
1_Fay Greaves,1_Alex Gray,3,1,,female,white,female,person_of_color,3
1_Theo Mayne,1_Alex Gray,3,1,,female,white,male,white,3
1_Alex Gray,1_Ivan Brett,3,1,,male,white,female,white,3
1_Rayan Rachedi,1_Alex Gray,3,1,,female,white,male,white,3
1_Alyssa Chan,1_Hannah Byczkowski,3,1,,female,white,female,person_of_color,3
1_Matt Harris,1_Ivan Brett,3,1,,male,white,male,white,3
1_Tom Elderfield,1_Ivan Brett,3,1,,male,white,male,white,3
1_John McManus,1_Ivan Brett,3,1,,male,white,male,white,3
1_Ivan Brett,1_Alex Gray,3,1,,female,white,male,white,3
2_Harry Clark,2_Ash Bibi,3,2,,female,person_of_color,male,white,3
2_Mollie Pearce,2_Brian Davidson,3,2,,male,white,female,white,3
2_Jaz Singh,2_Brian Davidson,3,2,,male,white,male,person_of_color,3
2_Andrew Jenkins,2_Ash Bibi,3,2,,female,person_of_color,male,white,3
2_Evie Morrison,2_Ash Bibi,3,2,,female,person_of_color,female,white,3
2_Jasmine Boatswain,2_Brian Davidson,3,2,,male,white,female,person_of_color,3
2_Zack Davies,2_Diane Carson,3,2,,female,white,male,white,3
2_Ross Carson,2_Ash Bibi,3,2,,female,person_of_color,male,white,3
2_Charlotte Chilton,2_Brian Davidson,3,2,,male,white,female,white,3
2_Charlie Bees,2_Diane Carson,3,2,,female,white,female,white,3
2_Paul Gorton,2_Ash Bibi,3,2,,female,person_of_color,male,white,3
2_Miles Asteri,2_Brian Davidson,3,2,,male,white,male,person_of_color,3
2_Anthony Mathurin,2_Brian Davidson,3,2,,male,white,male,person_of_color,3
2_Tracey Griffin,2_Ash Bibi,3,2,,female,person_of_color,female,white,3
2_Jonny Holloway,2_Brian Davidson,3,2,,male,white,male,white,3
2_Meg Corrick,2_Diane Carson,3,2,,female,white,female,white,3
3_Jake Brown,3_Armani Gouveia,3,3,,female,person_of_color,male,white,3
3_Leanne Quigley,3_Armani Gouveia,3,3,,female,person_of_color,female,white,3
3_Francesca Rowan-Plowden,3_Maia Gouveia,3,3,,female,person_of_color,female,white,3
3_Charlotte Berman,3_Kasim Ahmed,3,3,,male,person_of_color,female,person_of_color,3
3_Freddie Fraser,3_Armani Gouveia,3,3,,female,person_of_color,male,white,3
3_Minah Shannon,3_Armani Gouveia,3,3,,female,person_of_color,female,person_of_color,3
3_Joe Scott,3_Kasim Ahmed,3,3,,male,person_of_color,male,white,3
3_Leon Jackman,3_Armani Gouveia,3,3,,female,person_of_color,male,person_of_color,3
3_Lisa Coupland,3_Joe Scott,3,3,,male,white,female,white,3
3_Alex Oleksy,3_Armani Gouveia,3,3,,female,person_of_color,male,white,3
3_Anna Duke,3_Kasim Ahmed,3,3,,male,person_of_color,female,white,3
3_Linda Rands,3_Jake Brown,3,3,,male,white,female,white,3
3_Dan Bird,3_Armani Gouveia,3,3,,female,person_of_color,male,white,3
"3_Olivia ""Livi"" Deane",3_Armani Gouveia,3,3,,female,person_of_color,female,white,3
3_Tyler Smith,3_Armani Gouveia,3,3,,female,person_of_color,male,white,3
3_Kasim Ahmed,3_Freddie Fraser,3,3,,male,white,male,person_of_color,3
3_Maia Gouveia,3_Freddie Fraser,3,3,,male,white,female,person_of_color,3
3_Armani Gouveia,3_Charlotte Berman,3,3,,female,person_of_color,female,person_of_color,3
4_Rachel Duffy,4_Ross Garshong,3,4,,male,person_of_color,female,white,3
4_Stephen Libby,"4_Marzook ""Maz"" Bana",3,4,,male,person_of_color,male,white,3
4_Jack Butler,4_Reece Ward,3,4,,male,white,male,white,3
4_Faraaz Noor,4_Sam Little,3,4,,male,white,male,person_of_color,3
4_Jade Scott,4_Ross Garshong,3,4,,male,person_of_color,female,person_of_color,3
4_James Baker,4_Reece Ward,3,4,,male,white,male,white,3
4_Roxy Wilson,4_Ross Garshong,3,4,,male,person_of_color,female,person_of_color,3
4_Matthew Hyndman,4_Sam Little,3,4,,male,white,male,white,3
4_Ellie Buckley,4_Reece Ward,3,4,,male,white,female,white,3
4_Jessie Stride,4_Reece Ward,3,4,,male,white,female,white,3
4_Sam Little,4_Reece Ward,3,4,,male,white,male,white,3
4_Adam Waughman,4_Jade Scott,3,4,,female,person_of_color,male,white,3
4_Harriet Tyce,4_Ross Garshong,3,4,,male,person_of_color,female,white,3
4_Fiona Hughes,4_Ross Garshong,3,4,,male,person_of_color,female,white,3
4_Reece Ward,4_Ross Garshong,3,4,,male,person_of_color,male,white,3
4_Amanda Collier,4_Jade Scott,3,4,,female,person_of_color,female,white,3
"4_Marzook ""Maz"" Bana",4_Jade Scott,3,4,,female,person_of_color,male,person_of_color,3
4_Ross Garshong,4_Stephen Libby,3,4,,male,white,male,person_of_color,3
C1_Alan Carr,C1_David Olusoga,3,C1,,male,person_of_color,male,white,3
C1_David Olusoga,C1_Clare Balding,3,C1,,female,white,male,person_of_color,3
C1_Nick Mohammed,C1_Celia Imrie,3,C1,,female,white,male,person_of_color,3
C1_Joe Marler,C1_Jonathan Ross,3,C1,,male,white,male,white,3
C1_Cat Burns,C1_Stephen Fry,3,C1,,male,white,female,person_of_color,3
C1_Kate Garraway,C1_Clare Balding,3,C1,,female,white,female,white,3
C1_Celia Imrie,C1_David Olusoga,3,C1,,male,person_of_color,female,white,3
C1_Jonathan Ross,C1_Clare Balding,3,C1,,female,white,male,white,3
C1_Lucy Beaumont,C1_Clare Balding,3,C1,,female,white,female,white,3
C1_Stephen Fry,C1_Clare Balding,3,C1,,female,white,male,white,3
C1_Joe Wilkinson,C1_Clare Balding,3,C1,,female,white,male,white,3
C1_Mark Bonnar,C1_Charlotte Church,3,C1,,female,white,male,white,3
C1_Charlotte Church,C1_Clare Balding,3,C1,,female,white,female,white,3
C1_Clare Balding,C1_Charlotte Church,3,C1,,female,white,female,white,3
2_Harry Clark,2_Ash Bibi,4,all,,female,person_of_color,male,white,4
2_Mollie Pearce,2_Ash Bibi,4,all,,female,person_of_color,female,white,4
2_Jaz Singh,2_Paul Gorton,4,all,,male,white,male,person_of_color,4
2_Andrew Jenkins,2_Ash Bibi,4,all,,female,person_of_color,male,white,4
2_Evie Morrison,2_Ash Bibi,4,all,,female,person_of_color,female,white,4
2_Jasmine Boatswain,2_Ash Bibi,4,all,,female,person_of_color,female,person_of_color,4
2_Zack Davies,2_Meg Corrick,4,all,,female,white,male,white,4
2_Ross Carson,2_Ash Bibi,4,all,,female,person_of_color,male,white,4
2_Charlotte Chilton,2_Ash Bibi,4,all,,female,person_of_color,female,white,4
2_Charlie Bees,2_Ash Bibi,4,all,,female,person_of_color,female,white,4
2_Paul Gorton,2_Ash Bibi,4,all,,female,person_of_color,male,white,4
2_Miles Asteri,2_Ash Bibi,4,all,,female,person_of_color,male,person_of_color,4
2_Diane Carson,2_Ash Bibi,4,all,,female,person_of_color,female,white,4
2_Anthony Mathurin,2_Ash Bibi,4,all,,female,person_of_color,male,person_of_color,4
2_Tracey Griffin,2_Ash Bibi,4,all,,female,person_of_color,female,white,4
2_Jonny Holloway,2_Ash Bibi,4,all,,female,person_of_color,male,white,4
2_Meg Corrick,2_Jasmine Boatswain,4,all,,female,person_of_color,female,white,4
2_Ash Bibi,2_Evie Morrison,4,all,,female,white,female,person_of_color,4
C1_Alan Carr,C1_Mark Bonnar,4,all,C1_Mark Bonnar,male,white,male,white,4
C1_David Olusoga,C1_Stephen Fry,4,all,,male,white,male,person_of_color,4
C1_Nick Mohammed,C1_Kate Garraway,4,all,C1_Mark Bonnar,female,white,male,person_of_color,4
C1_Joe Marler,C1_Mark Bonnar,4,all,C1_Mark Bonnar,male,white,male,white,4
C1_Cat Burns,C1_David Olusoga,4,all,C1_David Olusoga,male,person_of_color,female,person_of_color,4
C1_Kate Garraway,C1_Mark Bonnar,4,all,C1_Mark Bonnar,male,white,female,white,4
C1_Celia Imrie,C1_Jonathan Ross,4,all,C1_David Olusoga,male,white,female,white,4
C1_Jonathan Ross,C1_David Olusoga,4,all,C1_David Olusoga,male,person_of_color,male,white,4
C1_Lucy Beaumont,C1_Mark Bonnar,4,all,C1_Mark Bonnar,male,white,female,white,4
C1_Stephen Fry,C1_David Olusoga,4,all,C1_David Olusoga,male,person_of_color,male,white,4
C1_Joe Wilkinson,C1_David Olusoga,4,all,C1_David Olusoga,male,person_of_color,male,white,4
C1_Mark Bonnar,C1_Kate Garraway,4,all,,female,white,male,white,4
4_Rachel Duffy,4_Sam Little,4,all,Reece,male,white,female,white,4
4_Stephen Libby,4_Amanda Collier,4,all,Amanda,female,white,male,white,4
4_Jack Butler,4_Reece Ward,4,all,Reece,male,white,male,white,4
4_Faraaz Noor,4_Stephen Libby,4,all,Reece,male,white,male,person_of_color,4
4_Jade Scott,4_Amanda Collier,4,all,Amanda,female,white,female,person_of_color,4
4_James Baker,4_Reece Ward,4,all,Reece,male,white,male,white,4
4_Roxy Wilson,4_Reece Ward,4,all,Reece,male,white,female,person_of_color,4
4_Matthew Hyndman,4_Amanda Collier,4,all,Amanda,female,white,male,white,4
4_Ellie Buckley,4_Amanda Collier,4,all,Amanda,female,white,female,white,4
4_Jessie Stride,4_Stephen Libby,4,all,Amanda,male,white,female,white,4
4_Sam Little,4_Amanda Collier,4,all,Amanda,female,white,male,white,4
4_Adam Waughman,4_Reece Ward,4,all,Reece,male,white,male,white,4
4_Harriet Tyce,4_Stephen Libby,4,all,Amanda,male,white,female,white,4
4_Fiona Hughes,4_Reece Ward,4,all,Reece,male,white,female,white,4
4_Reece Ward,4_Ellie Buckley,4,all,,female,white,male,white,4
4_Amanda Collier,4_Jade Scott,4,all,,female,person_of_color,female,white,4
3_Jake Brown,3_Kasim Ahmed,4,all,,male,person_of_color,male,white,4
3_Leanne Quigley,3_Freddie Fraser,4,all,,male,white,female,white,4
3_Francesca Rowan-Plowden,3_Freddie Fraser,4,all,,male,white,female,white,4
3_Charlotte Berman,3_Anna Duke,4,all,,female,white,female,person_of_color,4
3_Freddie Fraser,3_Kasim Ahmed,4,all,,male,person_of_color,male,white,4
3_Minah Shannon,3_Kasim Ahmed,4,all,,male,person_of_color,female,person_of_color,4
3_Joe Scott,3_Kasim Ahmed,4,all,,male,person_of_color,male,white,4
3_Leon Jackman,3_Kasim Ahmed,4,all,,male,person_of_color,male,person_of_color,4
3_Lisa Coupland,3_Anna Duke,4,all,,female,white,female,white,4
3_Alex Oleksy,3_Anna Duke,4,all,,female,white,male,white,4
3_Anna Duke,3_Kasim Ahmed,4,all,,male,person_of_color,female,white,4
3_Linda Rands,3_Anna Duke,4,all,,female,white,female,white,4
3_Dan Bird,3_Anna Duke,4,all,,female,white,male,white,4
"3_Olivia ""Livi"" Deane",3_Freddie Fraser,4,all,,male,white,female,white,4
3_Tyler Smith,3_Kasim Ahmed,4,all,,male,person_of_color,male,white,4
3_Kasim Ahmed,3_Freddie Fraser,4,all,,male,white,male,person_of_color,4
1_Aaron Evans,1_Tom Elderfield,4,all,,male,white,male,white,4
1_Hannah Byczkowski,1_Alex Gray,4,all,,female,white,female,white,4
1_Meryl Williams,1_Tom Elderfield,4,all,,male,white,female,white,4
"1_Wilfred ""Wilf"" Webster",1_Alex Gray,4,all,,female,white,male,white,4
"1_Madelyn ""Maddy"" Smedley","1_Wilfred ""Wilf"" Webster",4,all,,male,white,female,white,4
1_Andrea Addison,1_Tom Elderfield,4,all,,male,white,female,white,4
1_Amanda Lovett,1_Alex Gray,4,all,,female,white,female,white,4
1_Fay Greaves,1_Tom Elderfield,4,all,,male,white,female,person_of_color,4
1_Theo Mayne,1_Tom Elderfield,4,all,,male,white,male,white,4
1_Alex Gray,1_Rayan Rachedi,4,all,,male,white,female,white,4
1_Rayan Rachedi,1_Tom Elderfield,4,all,,male,white,male,white,4
1_Alyssa Chan,1_Alex Gray,4,all,,female,white,female,person_of_color,4
1_Matt Harris,1_Tom Elderfield,4,all,,male,white,male,white,4
1_Tom Elderfield,1_Alyssa Chan,4,all,,female,person_of_color,male,white,4
1_Aaron Evans,1_Tom Elderfield,4,1,,male,white,male,white,4
1_Hannah Byczkowski,1_Alex Gray,4,1,,female,white,female,white,4
1_Meryl Williams,1_Tom Elderfield,4,1,,male,white,female,white,4
"1_Wilfred ""Wilf"" Webster",1_Alex Gray,4,1,,female,white,male,white,4
"1_Madelyn ""Maddy"" Smedley","1_Wilfred ""Wilf"" Webster",4,1,,male,white,female,white,4
1_Andrea Addison,1_Tom Elderfield,4,1,,male,white,female,white,4
1_Amanda Lovett,1_Alex Gray,4,1,,female,white,female,white,4
1_Fay Greaves,1_Tom Elderfield,4,1,,male,white,female,person_of_color,4
1_Theo Mayne,1_Tom Elderfield,4,1,,male,white,male,white,4
1_Alex Gray,1_Rayan Rachedi,4,1,,male,white,female,white,4
1_Rayan Rachedi,1_Tom Elderfield,4,1,,male,white,male,white,4
1_Alyssa Chan,1_Alex Gray,4,1,,female,white,female,person_of_color,4
1_Matt Harris,1_Tom Elderfield,4,1,,male,white,male,white,4
1_Tom Elderfield,1_Alyssa Chan,4,1,,female,person_of_color,male,white,4
2_Harry Clark,2_Ash Bibi,4,2,,female,person_of_color,male,white,4
2_Mollie Pearce,2_Ash Bibi,4,2,,female,person_of_color,female,white,4
2_Jaz Singh,2_Paul Gorton,4,2,,male,white,male,person_of_color,4
2_Andrew Jenkins,2_Ash Bibi,4,2,,female,person_of_color,male,white,4
2_Evie Morrison,2_Ash Bibi,4,2,,female,person_of_color,female,white,4
2_Jasmine Boatswain,2_Ash Bibi,4,2,,female,person_of_color,female,person_of_color,4
2_Zack Davies,2_Meg Corrick,4,2,,female,white,male,white,4
2_Ross Carson,2_Ash Bibi,4,2,,female,person_of_color,male,white,4
2_Charlotte Chilton,2_Ash Bibi,4,2,,female,person_of_color,female,white,4
2_Charlie Bees,2_Ash Bibi,4,2,,female,person_of_color,female,white,4
2_Paul Gorton,2_Ash Bibi,4,2,,female,person_of_color,male,white,4
2_Miles Asteri,2_Ash Bibi,4,2,,female,person_of_color,male,person_of_color,4
2_Diane Carson,2_Ash Bibi,4,2,,female,person_of_color,female,white,4
2_Anthony Mathurin,2_Ash Bibi,4,2,,female,person_of_color,male,person_of_color,4
2_Tracey Griffin,2_Ash Bibi,4,2,,female,person_of_color,female,white,4
2_Jonny Holloway,2_Ash Bibi,4,2,,female,person_of_color,male,white,4
2_Meg Corrick,2_Jasmine Boatswain,4,2,,female,person_of_color,female,white,4
2_Ash Bibi,2_Evie Morrison,4,2,,female,white,female,person_of_color,4
3_Jake Brown,3_Kasim Ahmed,4,3,,male,person_of_color,male,white,4
3_Leanne Quigley,3_Freddie Fraser,4,3,,male,white,female,white,4
3_Francesca Rowan-Plowden,3_Freddie Fraser,4,3,,male,white,female,white,4
3_Charlotte Berman,3_Anna Duke,4,3,,female,white,female,person_of_color,4
3_Freddie Fraser,3_Kasim Ahmed,4,3,,male,person_of_color,male,white,4
3_Minah Shannon,3_Kasim Ahmed,4,3,,male,person_of_color,female,person_of_color,4
3_Joe Scott,3_Kasim Ahmed,4,3,,male,person_of_color,male,white,4
3_Leon Jackman,3_Kasim Ahmed,4,3,,male,person_of_color,male,person_of_color,4
3_Lisa Coupland,3_Anna Duke,4,3,,female,white,female,white,4
3_Alex Oleksy,3_Anna Duke,4,3,,female,white,male,white,4
3_Anna Duke,3_Kasim Ahmed,4,3,,male,person_of_color,female,white,4
3_Linda Rands,3_Anna Duke,4,3,,female,white,female,white,4
3_Dan Bird,3_Anna Duke,4,3,,female,white,male,white,4
"3_Olivia ""Livi"" Deane",3_Freddie Fraser,4,3,,male,white,female,white,4
3_Tyler Smith,3_Kasim Ahmed,4,3,,male,person_of_color,male,white,4
3_Kasim Ahmed,3_Freddie Fraser,4,3,,male,white,male,person_of_color,4
4_Rachel Duffy,4_Sam Little,4,4,Reece,male,white,female,white,4
4_Stephen Libby,4_Amanda Collier,4,4,Amanda,female,white,male,white,4
4_Jack Butler,4_Reece Ward,4,4,Reece,male,white,male,white,4
4_Faraaz Noor,4_Stephen Libby,4,4,Reece,male,white,male,person_of_color,4
4_Jade Scott,4_Amanda Collier,4,4,Amanda,female,white,female,person_of_color,4
4_James Baker,4_Reece Ward,4,4,Reece,male,white,male,white,4
4_Roxy Wilson,4_Reece Ward,4,4,Reece,male,white,female,person_of_color,4
4_Matthew Hyndman,4_Amanda Collier,4,4,Amanda,female,white,male,white,4
4_Ellie Buckley,4_Amanda Collier,4,4,Amanda,female,white,female,white,4
4_Jessie Stride,4_Stephen Libby,4,4,Amanda,male,white,female,white,4
4_Sam Little,4_Amanda Collier,4,4,Amanda,female,white,male,white,4
4_Adam Waughman,4_Reece Ward,4,4,Reece,male,white,male,white,4
4_Harriet Tyce,4_Stephen Libby,4,4,Amanda,male,white,female,white,4
4_Fiona Hughes,4_Reece Ward,4,4,Reece,male,white,female,white,4
4_Reece Ward,4_Ellie Buckley,4,4,,female,white,male,white,4
4_Amanda Collier,4_Jade Scott,4,4,,female,person_of_color,female,white,4
C1_Alan Carr,C1_Mark Bonnar,4,C1,C1_Mark Bonnar,male,white,male,white,4
C1_David Olusoga,C1_Stephen Fry,4,C1,,male,white,male,person_of_color,4
C1_Nick Mohammed,C1_Kate Garraway,4,C1,C1_Mark Bonnar,female,white,male,person_of_color,4
C1_Joe Marler,C1_Mark Bonnar,4,C1,C1_Mark Bonnar,male,white,male,white,4
C1_Cat Burns,C1_David Olusoga,4,C1,C1_David Olusoga,male,person_of_color,female,person_of_color,4
C1_Kate Garraway,C1_Mark Bonnar,4,C1,C1_Mark Bonnar,male,white,female,white,4
C1_Celia Imrie,C1_Jonathan Ross,4,C1,C1_David Olusoga,male,white,female,white,4
C1_Jonathan Ross,C1_David Olusoga,4,C1,C1_David Olusoga,male,person_of_color,male,white,4
C1_Lucy Beaumont,C1_Mark Bonnar,4,C1,C1_Mark Bonnar,male,white,female,white,4
C1_Stephen Fry,C1_David Olusoga,4,C1,C1_David Olusoga,male,person_of_color,male,white,4
C1_Joe Wilkinson,C1_David Olusoga,4,C1,C1_David Olusoga,male,person_of_color,male,white,4
C1_Mark Bonnar,C1_Kate Garraway,4,C1,,female,white,male,white,4
2_Harry Clark,2_Jonny Holloway,5,all,,male,white,male,white,5
2_Mollie Pearce,2_Jonny Holloway,5,all,,male,white,female,white,5
2_Jaz Singh,2_Jonny Holloway,5,all,,male,white,male,person_of_color,5
2_Andrew Jenkins,2_Jonny Holloway,5,all,,male,white,male,white,5
2_Evie Morrison,2_Jonny Holloway,5,all,,male,white,female,white,5
2_Jasmine Boatswain,2_Jonny Holloway,5,all,,male,white,female,person_of_color,5
2_Zack Davies,2_Anthony Mathurin,5,all,,male,person_of_color,male,white,5
2_Ross Carson,2_Jonny Holloway,5,all,,male,white,male,white,5
2_Charlotte Chilton,2_Jonny Holloway,5,all,,male,white,female,white,5
2_Charlie Bees,2_Anthony Mathurin,5,all,,male,person_of_color,female,white,5
2_Paul Gorton,2_Jonny Holloway,5,all,,male,white,male,white,5
2_Miles Asteri,2_Zack Davies,5,all,,male,white,male,person_of_color,5
2_Diane Carson,2_Jonny Holloway,5,all,,male,white,female,white,5
2_Anthony Mathurin,2_Jonny Holloway,5,all,,male,white,male,person_of_color,5
2_Tracey Griffin,2_Jonny Holloway,5,all,,male,white,female,white,5
2_Jonny Holloway,2_Ross Carson,5,all,,male,white,male,white,5
C1_Alan Carr,C1_Joe Marler,5,all,,male,white,male,white,5
C1_David Olusoga,C1_Stephen Fry,5,all,,male,white,male,person_of_color,5
C1_Nick Mohammed,C1_Stephen Fry,5,all,,male,white,male,person_of_color,5
C1_Joe Marler,C1_Jonathan Ross,5,all,,male,white,male,white,5
C1_Cat Burns,C1_Stephen Fry,5,all,,male,white,female,person_of_color,5
C1_Kate Garraway,C1_Nick Mohammed,5,all,,male,person_of_color,female,white,5
C1_Celia Imrie,C1_Joe Marler,5,all,,male,white,female,white,5
C1_Jonathan Ross,C1_Stephen Fry,5,all,,male,white,male,white,5
C1_Lucy Beaumont,C1_Jonathan Ross,5,all,,male,white,female,white,5
C1_Stephen Fry,C1_David Olusoga,5,all,,male,person_of_color,male,white,5
4_Rachel Duffy,4_Fiona Hughes,5,all,,female,white,female,white,5
4_Stephen Libby,4_Fiona Hughes,5,all,,female,white,male,white,5
4_Jack Butler,4_Fiona Hughes,5,all,,female,white,male,white,5
4_Faraaz Noor,4_Sam Little,5,all,,male,white,male,person_of_color,5
4_Jade Scott,4_Fiona Hughes,5,all,,female,white,female,person_of_color,5
4_James Baker,4_Fiona Hughes,5,all,,female,white,male,white,5
4_Roxy Wilson,4_Fiona Hughes,5,all,,female,white,female,person_of_color,5
4_Matthew Hyndman,4_Sam Little,5,all,,male,white,male,white,5
4_Ellie Buckley,4_Sam Little,5,all,,male,white,female,white,5
4_Jessie Stride,4_Fiona Hughes,5,all,,female,white,female,white,5
4_Sam Little,4_Fiona Hughes,5,all,,female,white,male,white,5
4_Adam Waughman,4_Jade Scott,5,all,,female,person_of_color,male,white,5
4_Harriet Tyce,4_Fiona Hughes,5,all,,female,white,female,white,5
4_Fiona Hughes,4_Sam Little,5,all,,male,white,female,white,5
3_Jake Brown,3_Tyler Smith,5,all,,male,white,male,white,5
3_Leanne Quigley,3_Tyler Smith,5,all,,male,white,female,white,5
3_Francesca Rowan-Plowden,3_Tyler Smith,5,all,,male,white,female,white,5
3_Alexander Dragonetti,3_Lisa Coupland,5,all,,female,white,male,white,5
3_Charlotte Berman,3_Tyler Smith,5,all,,male,white,female,person_of_color,5
3_Freddie Fraser,3_Tyler Smith,5,all,,male,white,male,white,5
3_Minah Shannon,3_Tyler Smith,5,all,,male,white,female,person_of_color,5
3_Joe Scott,3_Tyler Smith,5,all,,male,white,male,white,5
3_Leon Jackman,3_Tyler Smith,5,all,,male,white,male,person_of_color,5
3_Lisa Coupland,3_Tyler Smith,5,all,,male,white,female,white,5
3_Alex Oleksy,3_Tyler Smith,5,all,,male,white,male,white,5
3_Anna Duke,3_Lisa Coupland,5,all,,female,white,female,white,5
3_Linda Rands,3_Tyler Smith,5,all,,male,white,female,white,5
3_Fozia Fazil,3_Lisa Coupland,5,all,,female,white,female,person_of_color,5
3_Dan Bird,3_Tyler Smith,5,all,,male,white,male,white,5
"3_Olivia ""Livi"" Deane",3_Freddie Fraser,5,all,,male,white,female,white,5
3_Tyler Smith,3_Freddie Fraser,5,all,,male,white,male,white,5
1_Aaron Evans,1_Rayan Rachedi,5,all,,male,white,male,white,5
1_Hannah Byczkowski,1_Alyssa Chan,5,all,,female,person_of_color,female,white,5
1_Meryl Williams,"1_Madelyn ""Maddy"" Smedley",5,all,,female,white,female,white,5
"1_Wilfred ""Wilf"" Webster",1_Alyssa Chan,5,all,,female,person_of_color,male,white,5
1_Kieran Tompsett,"1_Wilfred ""Wilf"" Webster",5,all,,male,white,male,white,5
"1_Madelyn ""Maddy"" Smedley","1_Wilfred ""Wilf"" Webster",5,all,,male,white,female,white,5
1_Andrea Addison,1_Alyssa Chan,5,all,,female,person_of_color,female,white,5
1_Amanda Lovett,1_Alyssa Chan,5,all,,female,person_of_color,female,white,5
1_Fay Greaves,1_Rayan Rachedi,5,all,,male,white,female,person_of_color,5
1_Theo Mayne,"1_Wilfred ""Wilf"" Webster",5,all,,male,white,male,white,5
1_Amos Ogunkoya,"1_Wilfred ""Wilf"" Webster",5,all,,male,white,male,person_of_color,5
1_Alex Gray,1_Alyssa Chan,5,all,,female,person_of_color,female,white,5
1_Rayan Rachedi,1_Alyssa Chan,5,all,,female,person_of_color,male,white,5
1_Alyssa Chan,"1_Wilfred ""Wilf"" Webster",5,all,,male,white,female,person_of_color,5
1_Aaron Evans,1_Rayan Rachedi,5,1,,male,white,male,white,5
1_Hannah Byczkowski,1_Alyssa Chan,5,1,,female,person_of_color,female,white,5
1_Meryl Williams,"1_Madelyn ""Maddy"" Smedley",5,1,,female,white,female,white,5
"1_Wilfred ""Wilf"" Webster",1_Alyssa Chan,5,1,,female,person_of_color,male,white,5
1_Kieran Tompsett,"1_Wilfred ""Wilf"" Webster",5,1,,male,white,male,white,5
"1_Madelyn ""Maddy"" Smedley","1_Wilfred ""Wilf"" Webster",5,1,,male,white,female,white,5
1_Andrea Addison,1_Alyssa Chan,5,1,,female,person_of_color,female,white,5
1_Amanda Lovett,1_Alyssa Chan,5,1,,female,person_of_color,female,white,5
1_Fay Greaves,1_Rayan Rachedi,5,1,,male,white,female,person_of_color,5
1_Theo Mayne,"1_Wilfred ""Wilf"" Webster",5,1,,male,white,male,white,5
1_Amos Ogunkoya,"1_Wilfred ""Wilf"" Webster",5,1,,male,white,male,person_of_color,5
1_Alex Gray,1_Alyssa Chan,5,1,,female,person_of_color,female,white,5
1_Rayan Rachedi,1_Alyssa Chan,5,1,,female,person_of_color,male,white,5
1_Alyssa Chan,"1_Wilfred ""Wilf"" Webster",5,1,,male,white,female,person_of_color,5
2_Harry Clark,2_Jonny Holloway,5,2,,male,white,male,white,5
2_Mollie Pearce,2_Jonny Holloway,5,2,,male,white,female,white,5
2_Jaz Singh,2_Jonny Holloway,5,2,,male,white,male,person_of_color,5
2_Andrew Jenkins,2_Jonny Holloway,5,2,,male,white,male,white,5
2_Evie Morrison,2_Jonny Holloway,5,2,,male,white,female,white,5
2_Jasmine Boatswain,2_Jonny Holloway,5,2,,male,white,female,person_of_color,5
2_Zack Davies,2_Anthony Mathurin,5,2,,male,person_of_color,male,white,5
2_Ross Carson,2_Jonny Holloway,5,2,,male,white,male,white,5
2_Charlotte Chilton,2_Jonny Holloway,5,2,,male,white,female,white,5
2_Charlie Bees,2_Anthony Mathurin,5,2,,male,person_of_color,female,white,5
2_Paul Gorton,2_Jonny Holloway,5,2,,male,white,male,white,5
2_Miles Asteri,2_Zack Davies,5,2,,male,white,male,person_of_color,5
2_Diane Carson,2_Jonny Holloway,5,2,,male,white,female,white,5
2_Anthony Mathurin,2_Jonny Holloway,5,2,,male,white,male,person_of_color,5
2_Tracey Griffin,2_Jonny Holloway,5,2,,male,white,female,white,5
2_Jonny Holloway,2_Ross Carson,5,2,,male,white,male,white,5
3_Jake Brown,3_Tyler Smith,5,3,,male,white,male,white,5
3_Leanne Quigley,3_Tyler Smith,5,3,,male,white,female,white,5
3_Francesca Rowan-Plowden,3_Tyler Smith,5,3,,male,white,female,white,5
3_Alexander Dragonetti,3_Lisa Coupland,5,3,,female,white,male,white,5
3_Charlotte Berman,3_Tyler Smith,5,3,,male,white,female,person_of_color,5
3_Freddie Fraser,3_Tyler Smith,5,3,,male,white,male,white,5
3_Minah Shannon,3_Tyler Smith,5,3,,male,white,female,person_of_color,5
3_Joe Scott,3_Tyler Smith,5,3,,male,white,male,white,5
3_Leon Jackman,3_Tyler Smith,5,3,,male,white,male,person_of_color,5
3_Lisa Coupland,3_Tyler Smith,5,3,,male,white,female,white,5
3_Alex Oleksy,3_Tyler Smith,5,3,,male,white,male,white,5
3_Anna Duke,3_Lisa Coupland,5,3,,female,white,female,white,5
3_Linda Rands,3_Tyler Smith,5,3,,male,white,female,white,5
3_Fozia Fazil,3_Lisa Coupland,5,3,,female,white,female,person_of_color,5
3_Dan Bird,3_Tyler Smith,5,3,,male,white,male,white,5
"3_Olivia ""Livi"" Deane",3_Freddie Fraser,5,3,,male,white,female,white,5
3_Tyler Smith,3_Freddie Fraser,5,3,,male,white,male,white,5
4_Rachel Duffy,4_Fiona Hughes,5,4,,female,white,female,white,5
4_Stephen Libby,4_Fiona Hughes,5,4,,female,white,male,white,5
4_Jack Butler,4_Fiona Hughes,5,4,,female,white,male,white,5
4_Faraaz Noor,4_Sam Little,5,4,,male,white,male,person_of_color,5
4_Jade Scott,4_Fiona Hughes,5,4,,female,white,female,person_of_color,5
4_James Baker,4_Fiona Hughes,5,4,,female,white,male,white,5
4_Roxy Wilson,4_Fiona Hughes,5,4,,female,white,female,person_of_color,5
4_Matthew Hyndman,4_Sam Little,5,4,,male,white,male,white,5
4_Ellie Buckley,4_Sam Little,5,4,,male,white,female,white,5
4_Jessie Stride,4_Fiona Hughes,5,4,,female,white,female,white,5
4_Sam Little,4_Fiona Hughes,5,4,,female,white,male,white,5
4_Adam Waughman,4_Jade Scott,5,4,,female,person_of_color,male,white,5
4_Harriet Tyce,4_Fiona Hughes,5,4,,female,white,female,white,5
4_Fiona Hughes,4_Sam Little,5,4,,male,white,female,white,5
C1_Alan Carr,C1_Joe Marler,5,C1,,male,white,male,white,5
C1_David Olusoga,C1_Stephen Fry,5,C1,,male,white,male,person_of_color,5
C1_Nick Mohammed,C1_Stephen Fry,5,C1,,male,white,male,person_of_color,5
C1_Joe Marler,C1_Jonathan Ross,5,C1,,male,white,male,white,5
C1_Cat Burns,C1_Stephen Fry,5,C1,,male,white,female,person_of_color,5
C1_Kate Garraway,C1_Nick Mohammed,5,C1,,male,person_of_color,female,white,5
C1_Celia Imrie,C1_Joe Marler,5,C1,,male,white,female,white,5
C1_Jonathan Ross,C1_Stephen Fry,5,C1,,male,white,male,white,5
C1_Lucy Beaumont,C1_Jonathan Ross,5,C1,,male,white,female,white,5
C1_Stephen Fry,C1_David Olusoga,5,C1,,male,person_of_color,male,white,5
2_Harry Clark,2_Zack Davies,6,all,,male,white,male,white,6
2_Mollie Pearce,2_Anthony Mathurin,6,all,,male,person_of_color,female,white,6
2_Jaz Singh,2_Andrew Jenkins,6,all,,male,white,male,person_of_color,6
2_Andrew Jenkins,2_Zack Davies,6,all,,male,white,male,white,6
2_Evie Morrison,2_Anthony Mathurin,6,all,,male,person_of_color,female,white,6
2_Jasmine Boatswain,2_Anthony Mathurin,6,all,,male,person_of_color,female,person_of_color,6
2_Zack Davies,2_Anthony Mathurin,6,all,,male,person_of_color,male,white,6
2_Ross Carson,2_Anthony Mathurin,6,all,,male,person_of_color,male,white,6
2_Charlotte Chilton,2_Anthony Mathurin,6,all,,male,person_of_color,female,white,6
2_Charlie Bees,2_Ross Carson,6,all,,male,white,female,white,6
2_Paul Gorton,2_Jaz Singh,6,all,,male,person_of_color,male,white,6
2_Miles Asteri,2_Anthony Mathurin,6,all,,male,person_of_color,male,person_of_color,6
2_Diane Carson,2_Andrew Jenkins,6,all,,male,white,female,white,6
2_Anthony Mathurin,2_Zack Davies,6,all,,male,white,male,person_of_color,6
C1_Alan Carr,C1_Jonathan Ross,6,all,,male,white,male,white,6
C1_David Olusoga,C1_Nick Mohammed,6,all,,male,person_of_color,male,person_of_color,6
C1_Nick Mohammed,C1_Jonathan Ross,6,all,,male,white,male,person_of_color,6
C1_Joe Marler,C1_Jonathan Ross,6,all,,male,white,male,white,6
C1_Cat Burns,C1_Jonathan Ross,6,all,,male,white,female,person_of_color,6
C1_Kate Garraway,C1_Jonathan Ross,6,all,,male,white,female,white,6
C1_Celia Imrie,C1_Jonathan Ross,6,all,,male,white,female,white,6
C1_Jonathan Ross,C1_David Olusoga,6,all,,male,person_of_color,male,white,6
4_Rachel Duffy,4_Harriet Tyce,6,all,,female,white,female,white,6
4_Stephen Libby,4_Harriet Tyce,6,all,,female,white,male,white,6
4_Jack Butler,4_Harriet Tyce,6,all,,female,white,male,white,6
4_Faraaz Noor,4_Harriet Tyce,6,all,,female,white,male,person_of_color,6
4_Jade Scott,4_Harriet Tyce,6,all,,female,white,female,person_of_color,6
4_James Baker,4_Harriet Tyce,6,all,,female,white,male,white,6
4_Roxy Wilson,4_Harriet Tyce,6,all,,female,white,female,person_of_color,6
4_Matthew Hyndman,4_Harriet Tyce,6,all,,female,white,male,white,6
4_Ellie Buckley,4_Jade Scott,6,all,,female,person_of_color,female,white,6
4_Jessie Stride,4_Harriet Tyce,6,all,,female,white,female,white,6
4_Sam Little,4_Harriet Tyce,6,all,,female,white,male,white,6
4_Adam Waughman,4_Matthew Hyndman,6,all,,male,white,male,white,6
4_Harriet Tyce,4_Rachel Duffy,6,all,,female,white,female,white,6
3_Jake Brown,3_Linda Rands,6,all,,female,white,male,white,6
3_Leanne Quigley,3_Dan Bird,6,all,,male,white,female,white,6
3_Francesca Rowan-Plowden,3_Alex Oleksy,6,all,,male,white,female,white,6
3_Alexander Dragonetti,3_Linda Rands,6,all,,female,white,male,white,6
3_Charlotte Berman,3_Linda Rands,6,all,,female,white,female,person_of_color,6
3_Freddie Fraser,3_Dan Bird,6,all,,male,white,male,white,6
3_Minah Shannon,3_Dan Bird,6,all,,male,white,female,person_of_color,6
3_Joe Scott,3_Linda Rands,6,all,,female,white,male,white,6
3_Leon Jackman,3_Dan Bird,6,all,,male,white,male,person_of_color,6
3_Lisa Coupland,3_Dan Bird,6,all,,male,white,female,white,6
3_Alex Oleksy,3_Dan Bird,6,all,,male,white,male,white,6
3_Anna Duke,3_Alex Oleksy,6,all,,male,white,female,white,6
3_Linda Rands,3_Fozia Fazil,6,all,,female,person_of_color,female,white,6
3_Fozia Fazil,3_Dan Bird,6,all,,male,white,female,person_of_color,6
3_Dan Bird,3_Leanne Quigley,6,all,,female,white,male,white,6
1_Aaron Evans,"1_Madelyn ""Maddy"" Smedley",6,all,,female,white,male,white,6
1_Hannah Byczkowski,1_Rayan Rachedi,6,all,,male,white,female,white,6
1_Meryl Williams,1_Rayan Rachedi,6,all,,male,white,female,white,6
"1_Wilfred ""Wilf"" Webster","1_Madelyn ""Maddy"" Smedley",6,all,,female,white,male,white,6
1_Kieran Tompsett,1_Rayan Rachedi,6,all,,male,white,male,white,6
"1_Madelyn ""Maddy"" Smedley",1_Meryl Williams,6,all,,female,white,female,white,6
1_Andrea Addison,1_Rayan Rachedi,6,all,,male,white,female,white,6
1_Amanda Lovett,1_Rayan Rachedi,6,all,,male,white,female,white,6
1_Fay Greaves,"1_Madelyn ""Maddy"" Smedley",6,all,,female,white,female,person_of_color,6
1_Theo Mayne,1_Rayan Rachedi,6,all,,male,white,male,white,6
1_Amos Ogunkoya,1_Rayan Rachedi,6,all,,male,white,male,person_of_color,6
1_Alex Gray,1_Aaron Evans,6,all,,male,white,female,white,6
1_Rayan Rachedi,1_Aaron Evans,6,all,,male,white,male,white,6
1_Aaron Evans,"1_Madelyn ""Maddy"" Smedley",6,1,,female,white,male,white,6
1_Hannah Byczkowski,1_Rayan Rachedi,6,1,,male,white,female,white,6
1_Meryl Williams,1_Rayan Rachedi,6,1,,male,white,female,white,6
"1_Wilfred ""Wilf"" Webster","1_Madelyn ""Maddy"" Smedley",6,1,,female,white,male,white,6
1_Kieran Tompsett,1_Rayan Rachedi,6,1,,male,white,male,white,6
"1_Madelyn ""Maddy"" Smedley",1_Meryl Williams,6,1,,female,white,female,white,6
1_Andrea Addison,1_Rayan Rachedi,6,1,,male,white,female,white,6
1_Amanda Lovett,1_Rayan Rachedi,6,1,,male,white,female,white,6
1_Fay Greaves,"1_Madelyn ""Maddy"" Smedley",6,1,,female,white,female,person_of_color,6
1_Theo Mayne,1_Rayan Rachedi,6,1,,male,white,male,white,6
1_Amos Ogunkoya,1_Rayan Rachedi,6,1,,male,white,male,person_of_color,6
1_Alex Gray,1_Aaron Evans,6,1,,male,white,female,white,6
1_Rayan Rachedi,1_Aaron Evans,6,1,,male,white,male,white,6
2_Harry Clark,2_Zack Davies,6,2,,male,white,male,white,6
2_Mollie Pearce,2_Anthony Mathurin,6,2,,male,person_of_color,female,white,6
2_Jaz Singh,2_Andrew Jenkins,6,2,,male,white,male,person_of_color,6
2_Andrew Jenkins,2_Zack Davies,6,2,,male,white,male,white,6
2_Evie Morrison,2_Anthony Mathurin,6,2,,male,person_of_color,female,white,6
2_Jasmine Boatswain,2_Anthony Mathurin,6,2,,male,person_of_color,female,person_of_color,6
2_Zack Davies,2_Anthony Mathurin,6,2,,male,person_of_color,male,white,6
2_Ross Carson,2_Anthony Mathurin,6,2,,male,person_of_color,male,white,6
2_Charlotte Chilton,2_Anthony Mathurin,6,2,,male,person_of_color,female,white,6
2_Charlie Bees,2_Ross Carson,6,2,,male,white,female,white,6
2_Paul Gorton,2_Jaz Singh,6,2,,male,person_of_color,male,white,6
2_Miles Asteri,2_Anthony Mathurin,6,2,,male,person_of_color,male,person_of_color,6
2_Diane Carson,2_Andrew Jenkins,6,2,,male,white,female,white,6
2_Anthony Mathurin,2_Zack Davies,6,2,,male,white,male,person_of_color,6
3_Jake Brown,3_Linda Rands,6,3,,female,white,male,white,6
3_Leanne Quigley,3_Dan Bird,6,3,,male,white,female,white,6
3_Francesca Rowan-Plowden,3_Alex Oleksy,6,3,,male,white,female,white,6
3_Alexander Dragonetti,3_Linda Rands,6,3,,female,white,male,white,6
3_Charlotte Berman,3_Linda Rands,6,3,,female,white,female,person_of_color,6
3_Freddie Fraser,3_Dan Bird,6,3,,male,white,male,white,6
3_Minah Shannon,3_Dan Bird,6,3,,male,white,female,person_of_color,6
3_Joe Scott,3_Linda Rands,6,3,,female,white,male,white,6
3_Leon Jackman,3_Dan Bird,6,3,,male,white,male,person_of_color,6
3_Lisa Coupland,3_Dan Bird,6,3,,male,white,female,white,6
3_Alex Oleksy,3_Dan Bird,6,3,,male,white,male,white,6
3_Anna Duke,3_Alex Oleksy,6,3,,male,white,female,white,6
3_Linda Rands,3_Fozia Fazil,6,3,,female,person_of_color,female,white,6
3_Fozia Fazil,3_Dan Bird,6,3,,male,white,female,person_of_color,6
3_Dan Bird,3_Leanne Quigley,6,3,,female,white,male,white,6
4_Rachel Duffy,4_Harriet Tyce,6,4,,female,white,female,white,6
4_Stephen Libby,4_Harriet Tyce,6,4,,female,white,male,white,6
4_Jack Butler,4_Harriet Tyce,6,4,,female,white,male,white,6
4_Faraaz Noor,4_Harriet Tyce,6,4,,female,white,male,person_of_color,6
4_Jade Scott,4_Harriet Tyce,6,4,,female,white,female,person_of_color,6
4_James Baker,4_Harriet Tyce,6,4,,female,white,male,white,6
4_Roxy Wilson,4_Harriet Tyce,6,4,,female,white,female,person_of_color,6
4_Matthew Hyndman,4_Harriet Tyce,6,4,,female,white,male,white,6
4_Ellie Buckley,4_Jade Scott,6,4,,female,person_of_color,female,white,6
4_Jessie Stride,4_Harriet Tyce,6,4,,female,white,female,white,6
4_Sam Little,4_Harriet Tyce,6,4,,female,white,male,white,6
4_Adam Waughman,4_Matthew Hyndman,6,4,,male,white,male,white,6
4_Harriet Tyce,4_Rachel Duffy,6,4,,female,white,female,white,6
C1_Alan Carr,C1_Jonathan Ross,6,C1,,male,white,male,white,6
C1_David Olusoga,C1_Nick Mohammed,6,C1,,male,person_of_color,male,person_of_color,6
C1_Nick Mohammed,C1_Jonathan Ross,6,C1,,male,white,male,person_of_color,6
C1_Joe Marler,C1_Jonathan Ross,6,C1,,male,white,male,white,6
C1_Cat Burns,C1_Jonathan Ross,6,C1,,male,white,female,person_of_color,6
C1_Kate Garraway,C1_Jonathan Ross,6,C1,,male,white,female,white,6
C1_Celia Imrie,C1_Jonathan Ross,6,C1,,male,white,female,white,6
C1_Jonathan Ross,C1_David Olusoga,6,C1,,male,person_of_color,male,white,6
2_Harry Clark,2_Miles Asteri,7,all,,male,person_of_color,male,white,7
2_Mollie Pearce,2_Miles Asteri,7,all,,male,person_of_color,female,white,7
2_Jaz Singh,2_Andrew Jenkins,7,all,,male,white,male,person_of_color,7
2_Andrew Jenkins,2_Miles Asteri,7,all,,male,person_of_color,male,white,7
2_Evie Morrison,2_Paul Gorton,7,all,,male,white,female,white,7
2_Jasmine Boatswain,2_Miles Asteri,7,all,,male,person_of_color,female,person_of_color,7
2_Zack Davies,2_Miles Asteri,7,all,,male,person_of_color,male,white,7
2_Ross Carson,2_Miles Asteri,7,all,,male,person_of_color,male,white,7
2_Charlotte Chilton,2_Miles Asteri,7,all,,male,person_of_color,female,white,7
2_Charlie Bees,2_Miles Asteri,7,all,,male,person_of_color,female,white,7
2_Paul Gorton,2_Miles Asteri,7,all,,male,person_of_color,male,white,7
2_Miles Asteri,2_Paul Gorton,7,all,,male,white,male,person_of_color,7
C1_Alan Carr,C1_David Olusoga,7,all,,male,person_of_color,male,white,7
C1_David Olusoga,C1_Kate Garraway,7,all,,female,white,male,person_of_color,7
C1_Nick Mohammed,C1_Cat Burns,7,all,,female,person_of_color,male,person_of_color,7
C1_Joe Marler,C1_Kate Garraway,7,all,,female,white,male,white,7
C1_Cat Burns,C1_Kate Garraway,7,all,,female,white,female,person_of_color,7
C1_Kate Garraway,C1_David Olusoga,7,all,,male,person_of_color,female,white,7
4_Rachel Duffy,4_Sam Little,7,all,,male,white,female,white,7
4_Stephen Libby,4_Sam Little,7,all,,male,white,male,white,7
4_Jack Butler,4_Matthew Hyndman,7,all,,male,white,male,white,7
4_Faraaz Noor,4_Sam Little,7,all,,male,white,male,person_of_color,7
4_Jade Scott,4_Sam Little,7,all,,male,white,female,person_of_color,7
4_James Baker,4_Matthew Hyndman,7,all,,male,white,male,white,7
4_Roxy Wilson,4_James Baker,7,all,,male,white,female,person_of_color,7
4_Matthew Hyndman,4_Sam Little,7,all,,male,white,male,white,7
4_Ellie Buckley,4_Sam Little,7,all,,male,white,female,white,7
4_Jessie Stride,4_Stephen Libby,7,all,,male,white,female,white,7
4_Sam Little,4_Ellie Buckley,7,all,,female,white,male,white,7
3_Jake Brown,3_Linda Rands,7,all,,female,white,male,white,7
3_Leanne Quigley,3_Linda Rands,7,all,,female,white,female,white,7
3_Francesca Rowan-Plowden,3_Leanne Quigley,7,all,,female,white,female,white,7
3_Alexander Dragonetti,3_Leanne Quigley,7,all,,female,white,male,white,7
3_Charlotte Berman,3_Linda Rands,7,all,,female,white,female,person_of_color,7
3_Freddie Fraser,3_Linda Rands,7,all,,female,white,male,white,7
3_Minah Shannon,3_Linda Rands,7,all,,female,white,female,person_of_color,7
3_Joe Scott,3_Linda Rands,7,all,,female,white,male,white,7
3_Leon Jackman,3_Linda Rands,7,all,,female,white,male,person_of_color,7
3_Lisa Coupland,3_Alexander Dragonetti,7,all,,male,white,female,white,7
3_Alex Oleksy,3_Leanne Quigley,7,all,,female,white,male,white,7
3_Anna Duke,3_Minah Shannon,7,all,,female,person_of_color,female,white,7
3_Linda Rands,3_Alexander Dragonetti,7,all,,male,white,female,white,7
1_Aaron Evans,1_Theo Mayne,7,all,,male,white,male,white,7
1_Hannah Byczkowski,"1_Madelyn ""Maddy"" Smedley",7,all,,female,white,female,white,7
1_Meryl Williams,"1_Madelyn ""Maddy"" Smedley",7,all,,female,white,female,white,7
"1_Wilfred ""Wilf"" Webster",1_Theo Mayne,7,all,,male,white,male,white,7
1_Kieran Tompsett,1_Theo Mayne,7,all,,male,white,male,white,7
"1_Madelyn ""Maddy"" Smedley",1_Aaron Evans,7,all,,male,white,female,white,7
1_Andrea Addison,1_Theo Mayne,7,all,,male,white,female,white,7
1_Amanda Lovett,1_Theo Mayne,7,all,,male,white,female,white,7
1_Fay Greaves,1_Theo Mayne,7,all,,male,white,female,person_of_color,7
1_Theo Mayne,1_Aaron Evans,7,all,,male,white,male,white,7
1_Aaron Evans,1_Theo Mayne,7,1,,male,white,male,white,7
1_Hannah Byczkowski,"1_Madelyn ""Maddy"" Smedley",7,1,,female,white,female,white,7
1_Meryl Williams,"1_Madelyn ""Maddy"" Smedley",7,1,,female,white,female,white,7
"1_Wilfred ""Wilf"" Webster",1_Theo Mayne,7,1,,male,white,male,white,7
1_Kieran Tompsett,1_Theo Mayne,7,1,,male,white,male,white,7
"1_Madelyn ""Maddy"" Smedley",1_Aaron Evans,7,1,,male,white,female,white,7
1_Andrea Addison,1_Theo Mayne,7,1,,male,white,female,white,7
1_Amanda Lovett,1_Theo Mayne,7,1,,male,white,female,white,7
1_Fay Greaves,1_Theo Mayne,7,1,,male,white,female,person_of_color,7
1_Theo Mayne,1_Aaron Evans,7,1,,male,white,male,white,7
2_Harry Clark,2_Miles Asteri,7,2,,male,person_of_color,male,white,7
2_Mollie Pearce,2_Miles Asteri,7,2,,male,person_of_color,female,white,7
2_Jaz Singh,2_Andrew Jenkins,7,2,,male,white,male,person_of_color,7
2_Andrew Jenkins,2_Miles Asteri,7,2,,male,person_of_color,male,white,7
2_Evie Morrison,2_Paul Gorton,7,2,,male,white,female,white,7
2_Jasmine Boatswain,2_Miles Asteri,7,2,,male,person_of_color,female,person_of_color,7
2_Zack Davies,2_Miles Asteri,7,2,,male,person_of_color,male,white,7
2_Ross Carson,2_Miles Asteri,7,2,,male,person_of_color,male,white,7
2_Charlotte Chilton,2_Miles Asteri,7,2,,male,person_of_color,female,white,7
2_Charlie Bees,2_Miles Asteri,7,2,,male,person_of_color,female,white,7
2_Paul Gorton,2_Miles Asteri,7,2,,male,person_of_color,male,white,7
2_Miles Asteri,2_Paul Gorton,7,2,,male,white,male,person_of_color,7
3_Jake Brown,3_Linda Rands,7,3,,female,white,male,white,7
3_Leanne Quigley,3_Linda Rands,7,3,,female,white,female,white,7
3_Francesca Rowan-Plowden,3_Leanne Quigley,7,3,,female,white,female,white,7
3_Alexander Dragonetti,3_Leanne Quigley,7,3,,female,white,male,white,7
3_Charlotte Berman,3_Linda Rands,7,3,,female,white,female,person_of_color,7
3_Freddie Fraser,3_Linda Rands,7,3,,female,white,male,white,7
3_Minah Shannon,3_Linda Rands,7,3,,female,white,female,person_of_color,7
3_Joe Scott,3_Linda Rands,7,3,,female,white,male,white,7
3_Leon Jackman,3_Linda Rands,7,3,,female,white,male,person_of_color,7
3_Lisa Coupland,3_Alexander Dragonetti,7,3,,male,white,female,white,7
3_Alex Oleksy,3_Leanne Quigley,7,3,,female,white,male,white,7
3_Anna Duke,3_Minah Shannon,7,3,,female,person_of_color,female,white,7
3_Linda Rands,3_Alexander Dragonetti,7,3,,male,white,female,white,7
4_Rachel Duffy,4_Sam Little,7,4,,male,white,female,white,7
4_Stephen Libby,4_Sam Little,7,4,,male,white,male,white,7
4_Jack Butler,4_Matthew Hyndman,7,4,,male,white,male,white,7
4_Faraaz Noor,4_Sam Little,7,4,,male,white,male,person_of_color,7
4_Jade Scott,4_Sam Little,7,4,,male,white,female,person_of_color,7
4_James Baker,4_Matthew Hyndman,7,4,,male,white,male,white,7
4_Roxy Wilson,4_James Baker,7,4,,male,white,female,person_of_color,7
4_Matthew Hyndman,4_Sam Little,7,4,,male,white,male,white,7
4_Ellie Buckley,4_Sam Little,7,4,,male,white,female,white,7
4_Jessie Stride,4_Stephen Libby,7,4,,male,white,female,white,7
4_Sam Little,4_Ellie Buckley,7,4,,female,white,male,white,7
C1_Alan Carr,C1_David Olusoga,7,C1,,male,person_of_color,male,white,7
C1_David Olusoga,C1_Kate Garraway,7,C1,,female,white,male,person_of_color,7
C1_Nick Mohammed,C1_Cat Burns,7,C1,,female,person_of_color,male,person_of_color,7
C1_Joe Marler,C1_Kate Garraway,7,C1,,female,white,male,white,7
C1_Cat Burns,C1_Kate Garraway,7,C1,,female,white,female,person_of_color,7
C1_Kate Garraway,C1_David Olusoga,7,C1,,male,person_of_color,female,white,7
2_Harry Clark,2_Paul Gorton,8,all,,male,white,male,white,8
2_Mollie Pearce,2_Paul Gorton,8,all,,male,white,female,white,8
2_Jaz Singh,2_Paul Gorton,8,all,,male,white,male,person_of_color,8
2_Andrew Jenkins,2_Jaz Singh,8,all,,male,person_of_color,male,white,8
2_Evie Morrison,2_Paul Gorton,8,all,,male,white,female,white,8
2_Jasmine Boatswain,2_Paul Gorton,8,all,,male,white,female,person_of_color,8
2_Zack Davies,2_Paul Gorton,8,all,,male,white,male,white,8
2_Ross Carson,2_Jaz Singh,8,all,,male,person_of_color,male,white,8
2_Charlotte Chilton,2_Paul Gorton,8,all,,male,white,female,white,8
2_Charlie Bees,2_Jaz Singh,8,all,,male,person_of_color,female,white,8
2_Paul Gorton,2_Jaz Singh,8,all,,male,person_of_color,male,white,8
C1_Alan Carr,C1_David Olusoga,8,all,,male,person_of_color,male,white,8
C1_David Olusoga,C1_Cat Burns,8,all,,female,person_of_color,male,person_of_color,8
C1_Nick Mohammed,C1_Cat Burns,8,all,,female,person_of_color,male,person_of_color,8
C1_Joe Marler,C1_Cat Burns,8,all,,female,person_of_color,male,white,8
C1_Cat Burns,C1_David Olusoga,8,all,,male,person_of_color,female,person_of_color,8
4_Rachel Duffy,4_Ellie Buckley,8,all,,female,white,female,white,8
4_Stephen Libby,4_Ellie Buckley,8,all,,female,white,male,white,8
4_Jack Butler,4_Matthew Hyndman,8,all,,male,white,male,white,8
4_Faraaz Noor,4_Ellie Buckley,8,all,,female,white,male,person_of_color,8
4_Jade Scott,4_Ellie Buckley,8,all,,female,white,female,person_of_color,8
4_James Baker,4_Matthew Hyndman,8,all,,male,white,male,white,8
4_Roxy Wilson,4_James Baker,8,all,,male,white,female,person_of_color,8
4_Matthew Hyndman,4_Jade Scott,8,all,,female,person_of_color,male,white,8
4_Ellie Buckley,4_Jade Scott,8,all,,female,person_of_color,female,white,8
3_Jake Brown,3_Alex Oleksy,8,all,,male,white,male,white,8
3_Leanne Quigley,3_Alex Oleksy,8,all,,male,white,female,white,8
3_Francesca Rowan-Plowden,3_Alex Oleksy,8,all,,male,white,female,white,8
3_Alexander Dragonetti,3_Alex Oleksy,8,all,,male,white,male,white,8
3_Charlotte Berman,3_Leon Jackman,8,all,,male,person_of_color,female,person_of_color,8
3_Freddie Fraser,3_Alex Oleksy,8,all,,male,white,male,white,8
3_Minah Shannon,3_Alex Oleksy,8,all,,male,white,female,person_of_color,8
3_Joe Scott,3_Alex Oleksy,8,all,,male,white,male,white,8
3_Leon Jackman,3_Alex Oleksy,8,all,,male,white,male,person_of_color,8
3_Lisa Coupland,3_Leon Jackman,8,all,,male,person_of_color,female,white,8
3_Alex Oleksy,3_Freddie Fraser,8,all,,male,white,male,white,8
1_Aaron Evans,"1_Madelyn ""Maddy"" Smedley",8,all,,female,white,male,white,8
1_Hannah Byczkowski,1_Amanda Lovett,8,all,,female,white,female,white,8
1_Meryl Williams,1_Amanda Lovett,8,all,,female,white,female,white,8
"1_Wilfred ""Wilf"" Webster",1_Amanda Lovett,8,all,,female,white,male,white,8
1_Kieran Tompsett,1_Amanda Lovett,8,all,,female,white,male,white,8
"1_Madelyn ""Maddy"" Smedley",1_Aaron Evans,8,all,,male,white,female,white,8
1_Andrea Addison,1_Hannah Byczkowski,8,all,,female,white,female,white,8
1_Amanda Lovett,"1_Madelyn ""Maddy"" Smedley",8,all,,female,white,female,white,8
1_Aaron Evans,"1_Madelyn ""Maddy"" Smedley",8,1,,female,white,male,white,8
1_Hannah Byczkowski,1_Amanda Lovett,8,1,,female,white,female,white,8
1_Meryl Williams,1_Amanda Lovett,8,1,,female,white,female,white,8
"1_Wilfred ""Wilf"" Webster",1_Amanda Lovett,8,1,,female,white,male,white,8
1_Kieran Tompsett,1_Amanda Lovett,8,1,,female,white,male,white,8
"1_Madelyn ""Maddy"" Smedley",1_Aaron Evans,8,1,,male,white,female,white,8
1_Andrea Addison,1_Hannah Byczkowski,8,1,,female,white,female,white,8
1_Amanda Lovett,"1_Madelyn ""Maddy"" Smedley",8,1,,female,white,female,white,8
2_Harry Clark,2_Paul Gorton,8,2,,male,white,male,white,8
2_Mollie Pearce,2_Paul Gorton,8,2,,male,white,female,white,8
2_Jaz Singh,2_Paul Gorton,8,2,,male,white,male,person_of_color,8
2_Andrew Jenkins,2_Jaz Singh,8,2,,male,person_of_color,male,white,8
2_Evie Morrison,2_Paul Gorton,8,2,,male,white,female,white,8
2_Jasmine Boatswain,2_Paul Gorton,8,2,,male,white,female,person_of_color,8
2_Zack Davies,2_Paul Gorton,8,2,,male,white,male,white,8
2_Ross Carson,2_Jaz Singh,8,2,,male,person_of_color,male,white,8
2_Charlotte Chilton,2_Paul Gorton,8,2,,male,white,female,white,8
2_Charlie Bees,2_Jaz Singh,8,2,,male,person_of_color,female,white,8
2_Paul Gorton,2_Jaz Singh,8,2,,male,person_of_color,male,white,8
3_Jake Brown,3_Alex Oleksy,8,3,,male,white,male,white,8
3_Leanne Quigley,3_Alex Oleksy,8,3,,male,white,female,white,8
3_Francesca Rowan-Plowden,3_Alex Oleksy,8,3,,male,white,female,white,8
3_Alexander Dragonetti,3_Alex Oleksy,8,3,,male,white,male,white,8
3_Charlotte Berman,3_Leon Jackman,8,3,,male,person_of_color,female,person_of_color,8
3_Freddie Fraser,3_Alex Oleksy,8,3,,male,white,male,white,8
3_Minah Shannon,3_Alex Oleksy,8,3,,male,white,female,person_of_color,8
3_Joe Scott,3_Alex Oleksy,8,3,,male,white,male,white,8
3_Leon Jackman,3_Alex Oleksy,8,3,,male,white,male,person_of_color,8
3_Lisa Coupland,3_Leon Jackman,8,3,,male,person_of_color,female,white,8
3_Alex Oleksy,3_Freddie Fraser,8,3,,male,white,male,white,8
4_Rachel Duffy,4_Ellie Buckley,8,4,,female,white,female,white,8
4_Stephen Libby,4_Ellie Buckley,8,4,,female,white,male,white,8
4_Jack Butler,4_Matthew Hyndman,8,4,,male,white,male,white,8
4_Faraaz Noor,4_Ellie Buckley,8,4,,female,white,male,person_of_color,8
4_Jade Scott,4_Ellie Buckley,8,4,,female,white,female,person_of_color,8
4_James Baker,4_Matthew Hyndman,8,4,,male,white,male,white,8
4_Roxy Wilson,4_James Baker,8,4,,male,white,female,person_of_color,8
4_Matthew Hyndman,4_Jade Scott,8,4,,female,person_of_color,male,white,8
4_Ellie Buckley,4_Jade Scott,8,4,,female,person_of_color,female,white,8
C1_Alan Carr,C1_David Olusoga,8,C1,,male,person_of_color,male,white,8
C1_David Olusoga,C1_Cat Burns,8,C1,,female,person_of_color,male,person_of_color,8
C1_Nick Mohammed,C1_Cat Burns,8,C1,,female,person_of_color,male,person_of_color,8
C1_Joe Marler,C1_Cat Burns,8,C1,,female,person_of_color,male,white,8
C1_Cat Burns,C1_David Olusoga,8,C1,,male,person_of_color,female,person_of_color,8
2_Harry Clark,2_Charlotte Chilton,9,all,,female,white,male,white,9
2_Mollie Pearce,2_Jaz Singh,9,all,,male,person_of_color,female,white,9
2_Jaz Singh,2_Charlotte Chilton,9,all,,female,white,male,person_of_color,9
2_Andrew Jenkins,2_Charlotte Chilton,9,all,,female,white,male,white,9
2_Evie Morrison,2_Charlotte Chilton,9,all,,female,white,female,white,9
2_Jasmine Boatswain,2_Charlotte Chilton,9,all,,female,white,female,person_of_color,9
2_Zack Davies,2_Jasmine Boatswain,9,all,,female,person_of_color,male,white,9
2_Ross Carson,2_Charlotte Chilton,9,all,,female,white,male,white,9
2_Charlotte Chilton,2_Jasmine Boatswain,9,all,,female,person_of_color,female,white,9
4_Rachel Duffy,4_Matthew Hyndman,9,all,,male,white,female,white,9
4_Stephen Libby,4_Matthew Hyndman,9,all,,male,white,male,white,9
4_Jack Butler,4_Matthew Hyndman,9,all,,male,white,male,white,9
4_Faraaz Noor,4_Jade Scott,9,all,,female,person_of_color,male,person_of_color,9
4_Jade Scott,4_James Baker,9,all,,male,white,female,person_of_color,9
4_James Baker,4_Matthew Hyndman,9,all,,male,white,male,white,9
4_Roxy Wilson,4_James Baker,9,all,,male,white,female,person_of_color,9
4_Matthew Hyndman,4_James Baker,9,all,,male,white,male,white,9
3_Jake Brown,3_Francesca Rowan-Plowden,9,all,,female,white,male,white,9
3_Leanne Quigley,3_Francesca Rowan-Plowden,9,all,,female,white,female,white,9
3_Francesca Rowan-Plowden,3_Leon Jackman,9,all,,male,person_of_color,female,white,9
3_Alexander Dragonetti,3_Leon Jackman,9,all,,male,person_of_color,male,white,9
3_Charlotte Berman,3_Leon Jackman,9,all,,male,person_of_color,female,person_of_color,9
3_Freddie Fraser,3_Leon Jackman,9,all,,male,person_of_color,male,white,9
3_Minah Shannon,3_Francesca Rowan-Plowden,9,all,,female,white,female,person_of_color,9
3_Joe Scott,3_Leon Jackman,9,all,,male,person_of_color,male,white,9
3_Leon Jackman,3_Francesca Rowan-Plowden,9,all,,female,white,male,person_of_color,9
1_Aaron Evans,"1_Madelyn ""Maddy"" Smedley",9,all,,female,white,male,white,9
1_Hannah Byczkowski,"1_Madelyn ""Maddy"" Smedley",9,all,,female,white,female,white,9
1_Meryl Williams,"1_Madelyn ""Maddy"" Smedley",9,all,,female,white,female,white,9
"1_Wilfred ""Wilf"" Webster","1_Madelyn ""Maddy"" Smedley",9,all,,female,white,male,white,9
1_Kieran Tompsett,1_Meryl Williams,9,all,,female,white,male,white,9
"1_Madelyn ""Maddy"" Smedley",1_Meryl Williams,9,all,,female,white,female,white,9
1_Aaron Evans,"1_Madelyn ""Maddy"" Smedley",9,1,,female,white,male,white,9
1_Hannah Byczkowski,"1_Madelyn ""Maddy"" Smedley",9,1,,female,white,female,white,9
1_Meryl Williams,"1_Madelyn ""Maddy"" Smedley",9,1,,female,white,female,white,9
"1_Wilfred ""Wilf"" Webster","1_Madelyn ""Maddy"" Smedley",9,1,,female,white,male,white,9
1_Kieran Tompsett,1_Meryl Williams,9,1,,female,white,male,white,9
"1_Madelyn ""Maddy"" Smedley",1_Meryl Williams,9,1,,female,white,female,white,9
2_Harry Clark,2_Charlotte Chilton,9,2,,female,white,male,white,9
2_Mollie Pearce,2_Jaz Singh,9,2,,male,person_of_color,female,white,9
2_Jaz Singh,2_Charlotte Chilton,9,2,,female,white,male,person_of_color,9
2_Andrew Jenkins,2_Charlotte Chilton,9,2,,female,white,male,white,9
2_Evie Morrison,2_Charlotte Chilton,9,2,,female,white,female,white,9
2_Jasmine Boatswain,2_Charlotte Chilton,9,2,,female,white,female,person_of_color,9
2_Zack Davies,2_Jasmine Boatswain,9,2,,female,person_of_color,male,white,9
2_Ross Carson,2_Charlotte Chilton,9,2,,female,white,male,white,9
2_Charlotte Chilton,2_Jasmine Boatswain,9,2,,female,person_of_color,female,white,9
3_Jake Brown,3_Francesca Rowan-Plowden,9,3,,female,white,male,white,9
3_Leanne Quigley,3_Francesca Rowan-Plowden,9,3,,female,white,female,white,9
3_Francesca Rowan-Plowden,3_Leon Jackman,9,3,,male,person_of_color,female,white,9
3_Alexander Dragonetti,3_Leon Jackman,9,3,,male,person_of_color,male,white,9
3_Charlotte Berman,3_Leon Jackman,9,3,,male,person_of_color,female,person_of_color,9
3_Freddie Fraser,3_Leon Jackman,9,3,,male,person_of_color,male,white,9
3_Minah Shannon,3_Francesca Rowan-Plowden,9,3,,female,white,female,person_of_color,9
3_Joe Scott,3_Leon Jackman,9,3,,male,person_of_color,male,white,9
3_Leon Jackman,3_Francesca Rowan-Plowden,9,3,,female,white,male,person_of_color,9
4_Rachel Duffy,4_Matthew Hyndman,9,4,,male,white,female,white,9
4_Stephen Libby,4_Matthew Hyndman,9,4,,male,white,male,white,9
4_Jack Butler,4_Matthew Hyndman,9,4,,male,white,male,white,9
4_Faraaz Noor,4_Jade Scott,9,4,,female,person_of_color,male,person_of_color,9
4_Jade Scott,4_James Baker,9,4,,male,white,female,person_of_color,9
4_James Baker,4_Matthew Hyndman,9,4,,male,white,male,white,9
4_Roxy Wilson,4_James Baker,9,4,,male,white,female,person_of_color,9
4_Matthew Hyndman,4_James Baker,9,4,,male,white,male,white,9
2_Harry Clark,2_Ross Carson,10,all,,male,white,male,white,10
2_Mollie Pearce,2_Ross Carson,10,all,,male,white,female,white,10
2_Jaz Singh,2_Ross Carson,10,all,,male,white,male,person_of_color,10
2_Andrew Jenkins,2_Ross Carson,10,all,,male,white,male,white,10
2_Evie Morrison,2_Ross Carson,10,all,,male,white,female,white,10
2_Jasmine Boatswain,2_Zack Davies,10,all,,male,white,female,person_of_color,10
2_Zack Davies,2_Ross Carson,10,all,,male,white,male,white,10
2_Ross Carson,2_Andrew Jenkins,10,all,,male,white,male,white,10
4_Rachel Duffy,4_James Baker,10,all,,male,white,female,white,10
4_Stephen Libby,4_James Baker,10,all,James,male,white,male,white,10
4_Jack Butler,4_Rachel Duffy,10,all,James,female,white,male,white,10
4_Faraaz Noor,4_Rachel Duffy,10,all,Rachel,female,white,male,person_of_color,10
4_Jade Scott,4_James Baker,10,all,Rachel,male,white,female,person_of_color,10
4_James Baker,4_Rachel Duffy,10,all,,female,white,male,white,10
3_Jake Brown,3_Freddie Fraser,10,all,,male,white,male,white,10
3_Leanne Quigley,3_Alexander Dragonetti,10,all,,male,white,female,white,10
3_Francesca Rowan-Plowden,3_Minah Shannon,10,all,,female,person_of_color,female,white,10
3_Alexander Dragonetti,3_Minah Shannon,10,all,,female,person_of_color,male,white,10
3_Charlotte Berman,3_Minah Shannon,10,all,,female,person_of_color,female,person_of_color,10
3_Freddie Fraser,3_Minah Shannon,10,all,,female,person_of_color,male,white,10
3_Minah Shannon,3_Freddie Fraser,10,all,,male,white,female,person_of_color,10
1_Aaron Evans,1_Kieran Tompsett,10,all,,male,white,male,white,10
1_Hannah Byczkowski,1_Kieran Tompsett,10,all,,male,white,female,white,10
1_Meryl Williams,1_Kieran Tompsett,10,all,,male,white,female,white,10
"1_Wilfred ""Wilf"" Webster",1_Kieran Tompsett,10,all,,male,white,male,white,10
1_Kieran Tompsett,"1_Wilfred ""Wilf"" Webster",10,all,,male,white,male,white,10
1_Aaron Evans,1_Kieran Tompsett,10,1,,male,white,male,white,10
1_Hannah Byczkowski,1_Kieran Tompsett,10,1,,male,white,female,white,10
1_Meryl Williams,1_Kieran Tompsett,10,1,,male,white,female,white,10
"1_Wilfred ""Wilf"" Webster",1_Kieran Tompsett,10,1,,male,white,male,white,10
1_Kieran Tompsett,"1_Wilfred ""Wilf"" Webster",10,1,,male,white,male,white,10
2_Harry Clark,2_Ross Carson,10,2,,male,white,male,white,10
2_Mollie Pearce,2_Ross Carson,10,2,,male,white,female,white,10
2_Jaz Singh,2_Ross Carson,10,2,,male,white,male,person_of_color,10
2_Andrew Jenkins,2_Ross Carson,10,2,,male,white,male,white,10
2_Evie Morrison,2_Ross Carson,10,2,,male,white,female,white,10
2_Jasmine Boatswain,2_Zack Davies,10,2,,male,white,female,person_of_color,10
2_Zack Davies,2_Ross Carson,10,2,,male,white,male,white,10
2_Ross Carson,2_Andrew Jenkins,10,2,,male,white,male,white,10
3_Jake Brown,3_Freddie Fraser,10,3,,male,white,male,white,10
3_Leanne Quigley,3_Alexander Dragonetti,10,3,,male,white,female,white,10
3_Francesca Rowan-Plowden,3_Minah Shannon,10,3,,female,person_of_color,female,white,10
3_Alexander Dragonetti,3_Minah Shannon,10,3,,female,person_of_color,male,white,10
3_Charlotte Berman,3_Minah Shannon,10,3,,female,person_of_color,female,person_of_color,10
3_Freddie Fraser,3_Minah Shannon,10,3,,female,person_of_color,male,white,10
3_Minah Shannon,3_Freddie Fraser,10,3,,male,white,female,person_of_color,10
4_Rachel Duffy,4_James Baker,10,4,,male,white,female,white,10
4_Stephen Libby,4_James Baker,10,4,James,male,white,male,white,10
4_Jack Butler,4_Rachel Duffy,10,4,James,female,white,male,white,10
4_Faraaz Noor,4_Rachel Duffy,10,4,Rachel,female,white,male,person_of_color,10
4_Jade Scott,4_James Baker,10,4,Rachel,male,white,female,person_of_color,10
4_James Baker,4_Rachel Duffy,10,4,,female,white,male,white,10
2_Harry Clark,2_Jasmine Boatswain,11,all,,female,person_of_color,male,white,11
2_Mollie Pearce,2_Andrew Jenkins,11,all,,male,white,female,white,11
2_Jaz Singh,2_Jasmine Boatswain,11,all,,female,person_of_color,male,person_of_color,11
2_Andrew Jenkins,2_Jasmine Boatswain,11,all,,female,person_of_color,male,white,11
2_Evie Morrison,2_Jasmine Boatswain,11,all,,female,person_of_color,female,white,11
2_Jasmine Boatswain,2_Evie Morrison,11,all,,female,white,female,person_of_color,11
4_Rachel Duffy,4_Jade Scott,11,all,,female,person_of_color,female,white,11
4_Stephen Libby,4_Jade Scott,11,all,,female,person_of_color,male,white,11
4_Jack Butler,4_Rachel Duffy,11,all,,female,white,male,white,11
4_Faraaz Noor,4_Jade Scott,11,all,,female,person_of_color,male,person_of_color,11
4_Jade Scott,4_Faraaz Noor,11,all,,male,person_of_color,female,person_of_color,11
3_Jake Brown,3_Freddie Fraser,11,all,,male,white,male,white,11
3_Leanne Quigley,3_Freddie Fraser,11,all,,male,white,female,white,11
3_Francesca Rowan-Plowden,3_Freddie Fraser,11,all,,male,white,female,white,11
3_Alexander Dragonetti,3_Freddie Fraser,11,all,,male,white,male,white,11
3_Charlotte Berman,3_Freddie Fraser,11,all,,male,white,female,person_of_color,11
3_Freddie Fraser,3_Charlotte Berman,11,all,,female,person_of_color,male,white,11
2_Harry Clark,2_Jasmine Boatswain,11,2,,female,person_of_color,male,white,11
2_Mollie Pearce,2_Andrew Jenkins,11,2,,male,white,female,white,11
2_Jaz Singh,2_Jasmine Boatswain,11,2,,female,person_of_color,male,person_of_color,11
2_Andrew Jenkins,2_Jasmine Boatswain,11,2,,female,person_of_color,male,white,11
2_Evie Morrison,2_Jasmine Boatswain,11,2,,female,person_of_color,female,white,11
2_Jasmine Boatswain,2_Evie Morrison,11,2,,female,white,female,person_of_color,11
3_Jake Brown,3_Freddie Fraser,11,3,,male,white,male,white,11
3_Leanne Quigley,3_Freddie Fraser,11,3,,male,white,female,white,11
3_Francesca Rowan-Plowden,3_Freddie Fraser,11,3,,male,white,female,white,11
3_Alexander Dragonetti,3_Freddie Fraser,11,3,,male,white,male,white,11
3_Charlotte Berman,3_Freddie Fraser,11,3,,male,white,female,person_of_color,11
3_Freddie Fraser,3_Charlotte Berman,11,3,,female,person_of_color,male,white,11
4_Rachel Duffy,4_Jade Scott,11,4,,female,person_of_color,female,white,11
4_Stephen Libby,4_Jade Scott,11,4,,female,person_of_color,male,white,11
4_Jack Butler,4_Rachel Duffy,11,4,,female,white,male,white,11
4_Faraaz Noor,4_Jade Scott,11,4,,female,person_of_color,male,person_of_color,11
4_Jade Scott,4_Faraaz Noor,11,4,,male,person_of_color,female,person_of_color,11
2_Harry Clark,2_Evie Morrison,12,all,,female,white,male,white,12
2_Mollie Pearce,2_Evie Morrison,12,all,,female,white,female,white,12
2_Jaz Singh,2_Evie Morrison,12,all,,female,white,male,person_of_color,12
2_Andrew Jenkins,2_Evie Morrison,12,all,,female,white,male,white,12
2_Evie Morrison,2_Andrew Jenkins,12,all,,male,white,female,white,12
3_Jake Brown,3_Charlotte Berman,12,all,,female,person_of_color,male,white,12
3_Leanne Quigley,3_Charlotte Berman,12,all,,female,person_of_color,female,white,12
3_Francesca Rowan-Plowden,3_Charlotte Berman,12,all,,female,person_of_color,female,white,12
3_Alexander Dragonetti,3_Charlotte Berman,12,all,,female,person_of_color,male,white,12
3_Charlotte Berman,3_Francesca Rowan-Plowden,12,all,,female,white,female,person_of_color,12
2_Harry Clark,2_Evie Morrison,12,2,,female,white,male,white,12
2_Mollie Pearce,2_Evie Morrison,12,2,,female,white,female,white,12
2_Jaz Singh,2_Evie Morrison,12,2,,female,white,male,person_of_color,12
2_Andrew Jenkins,2_Evie Morrison,12,2,,female,white,male,white,12
2_Evie Morrison,2_Andrew Jenkins,12,2,,male,white,female,white,12
3_Jake Brown,3_Charlotte Berman,12,3,,female,person_of_color,male,white,12
3_Leanne Quigley,3_Charlotte Berman,12,3,,female,person_of_color,female,white,12
3_Francesca Rowan-Plowden,3_Charlotte Berman,12,3,,female,person_of_color,female,white,12
3_Alexander Dragonetti,3_Charlotte Berman,12,3,,female,person_of_color,male,white,12
3_Charlotte Berman,3_Francesca Rowan-Plowden,12,3,,female,white,female,person_of_color,12
